id,label,text,subject,speaker,speaker_job,state,party,barely_true_count,false_count,half_true_count,mostly_true_count,pants_fire_count,context,source,sensational_score,hedging_score,sentiment_compound
10626.json,true,Polling shows that nearly 74 percent of National Rifle Association members support requiring background checks for all gun sales.,"civil-rights,government-regulation,guns",lena-taylor,"State Senator, District 4",Wisconsin,democrat,1.0,1.0,0.0,1.0,1.0,a news release,LIAR,0.0,0.0,0.0772
1520.json,barely-true,I left the city with $43 million in the bank.,job-accomplishments,maurice-ferre,Former mayor of Miami,Florida,democrat,1.0,0.0,1.0,0.0,0.0,An interview with Newsmax,LIAR,0.0,0.0,0.0
1326.json,false,"Says she couldn't take stimulus money because it required ""universal building codes.""","energy,federal-budget,stimulus",sarah-palin,,Alaska,republican,9.0,19.0,9.0,6.0,6.0,"her book, Going Rogue",LIAR,0.0,0.0,0.0
9816.json,mostly-true,The United States is the only industrialized country that does not guarantee paid time off to care for a new child.,"families,women,workers",don-beyer,8th District congressional candidate,Virginia,democrat,1.0,2.0,1.0,3.0,0.0,a web post.,LIAR,0.0,0.0,0.644
1708.json,barely-true,The Health Care and Education Reconciliation Act is the largest-ever investment in higher education.,"education,federal-budget",democratic-national-committee,,,none,8.0,2.0,10.0,8.0,0.0,a press release.,LIAR,0.0,0.0,0.4939
7391.json,true,Ohio companies export more goods and services globally than 41 other states.,"health-care,income,labor,public-health,workers",keith-faber,State senator,Ohio,republican,0.0,0.0,1.0,0.0,0.0,a news conference,LIAR,0.0,0.0,0.0
8207.json,mostly-true,"While fat-cat bureaucrats at the Department of Education are getting paid an average salary of $102,000 a year, teachers in Georgia are getting paid half of that.","education,federal-budget",paul-broun,Congressman,Georgia,republican,4.0,8.0,3.0,2.0,1.0,a press release,LIAR,0.0,0.0,0.0
2449.json,half-true,"Under Lee Fisher Ohio has lost nearly 400,000 jobs.","economy,job-accomplishments,message-machine",rob-portman,U.S. senator from Ohio,Ohio,republican,3.0,5.0,11.0,11.0,1.0,a campaign video,LIAR,0.0,0.0,-0.3182
3392.json,false,Says iPads and iPhones are built in the United States of America.,"economy,abc-news-week,trade",john-mccain,U.S. senator,Arizona,republican,31.0,39.0,31.0,37.0,8.0,"an interview on ABC's ""This Week with Christiane Amanpour""",LIAR,0.0,0.0,0.4215
8160.json,true,Polls show that 96 percent of New Jerseyans and 95 percent of gun households in the state support expanding background checks to keep guns away from those who shouldnt have them.,guns,mark-kelly,,,newsmaker,0.0,0.0,1.0,0.0,0.0,an opinion column on NJ.com,LIAR,0.0,0.0,0.0772
6988.json,barely-true,The sequester is not something that Ive proposed. It is something that Congress has proposed.,"debates,federal-budget,military",barack-obama,President,Illinois,democrat,70.0,71.0,160.0,163.0,9.0,a presidential debate,LIAR,0.0,0.0,0.0
11719.json,false,Existing law right now requires 700 miles of double-layered border fencing on the Mexico border.,immigration,ted-cruz,Senator,Texas,republican,36.0,33.0,15.0,19.0,8.0,a radio interview.,LIAR,0.0,0.0,0.0
8494.json,barely-true,"If your plan is the result of collective bargaining, no subsequent changes by anybody -- insurance companies, Obamacare -- can force your grandfathered policy to change.","health-care,unions",rush-limbaugh,Radio host,,none,9.0,11.0,5.0,2.0,10.0,comments on his radio show,LIAR,0.0,0.0,-0.296
2472.json,false,"The downsizing of Pinellas County government resulted in about 1,200 people being laid off in a 12 percent unemployment market. I can tell you that every one of them was hired from the time that Ms. Latvala went into office in 2000.","county-budget,government-efficiency",bob-hackworth,XX,Florida,none,0.0,1.0,0.0,0.0,0.0,a candidates forum in Dunedin,LIAR,0.0,0.0,-0.4404
4605.json,barely-true,The Tax Foundation figures Rhode Island as the 10th highest state for state and local tax burden per capita in the country. Were the 6th worst in the country for the business tax index. Were the 3rd highest per capita in the country for all taxes.,"economy,small-business,state-finances,taxes",peter-palumbo,State Representative,Rhode Island,democrat,3.0,1.0,1.0,0.0,0.0,a speech,LIAR,0.0,0.0,-0.7906
12135.json,pants-fire,An image in a ChrisAbele TV ad depicts wealthy citizens who would benefit from a lake created by the controversial Estabrook Dam.,environment,chris-abele,Philanthropist,Wisconsin,none,3.0,5.0,4.0,4.0,2.0,a television ad,LIAR,0.0,0.0,0.6908
151.json,false,More people in this country have seen UFOs than I think approve of George Bush's presidency.,bush-administration,dennis-kucinich,U.S. representative,Ohio,democrat,1.0,3.0,4.0,6.0,0.0,"a Democratic debate in Philadelphia, Pa.",LIAR,0.0,0.0,0.0
7004.json,half-true,"Lois Frankel spent over $13,000 in taxpayer money on a marble shower in a private bathroom with her own toilet.","candidates-biography,city-budget,city-government,message-machine-2012",adam-hasner,,Florida,republican,2.0,1.0,4.0,4.0,0.0,an ad,LIAR,0.0,0.0,0.0
6691.json,false,"Ann Kuster supports the government takeover of healthcare, which robs Medicare of over $700 billion.","health-care,message-machine-2012",charles-bass,U.S. Representative ,New Hampshire,republican,3.0,2.0,0.0,0.0,0.0,"an August 27, 2012 advertisement, “Not Working,” aired in and around New Hampshire.”",LIAR,0.0,0.0,-0.128
3607.json,false,The top 1 percent of income-earners pay about 40 percent of all taxes into the federal government.,"federal-budget,taxes",michele-bachmann,Congresswoman,Minnesota,republican,8.0,22.0,6.0,4.0,16.0,"an interview on NBC's ""Today"" show",LIAR,0.0,0.0,0.1027
9213.json,true,Did you know US population growth is at its lowest since the Great Depression?,"immigration,population",robert-sarvis,"lawyer, businessman",Virginia,libertarian,0.0,0.0,0.0,1.0,0.0,a tweet.,LIAR,0.0,0.0,0.1027
9735.json,pants-fire,Austin mayoral candidate Mike Martinez takes corporate money.,"campaign-finance,candidates-biography,city-government,corporations",eugene-sepulveda,Philanthropist,Texas,democrat,0.0,0.0,0.0,0.0,1.0,a Facebook post,LIAR,0.0,0.0,0.0
8964.json,barely-true,Says Alex Sink supported higher property taxes.,taxes,republican-party-florida,,,republican,10.0,6.0,6.0,6.0,4.0,in a campaign mailer,LIAR,0.0,0.0,0.3182
8239.json,mostly-true,We cut business taxes so today 70 percent of our businesses dont pay a business tax.,"small-business,taxes",rick-scott,Governor,Florida,republican,28.0,23.0,38.0,34.0,7.0,a speech at an Americans for Prosperity Foundation conference,LIAR,0.0,0.0,-0.2033
5661.json,half-true,Obama opposed exploring for energy in Alaska.,"environment,gas-prices,message-machine-2012",american-energy-alliance,,,none,0.0,1.0,1.0,0.0,0.0,a video ad,LIAR,0.0,0.0,0.2732
11347.json,mostly-true,"Every general City of Milwaukee employee pays toward his or her pension, but approximately 88 percent of our police officers and firefighters do not.","city-budget,city-government,labor,pensions,public-safety,taxes,unions",tom-barrett,Mayor of Milwaukee,Wisconsin,democrat,2.0,5.0,8.0,5.0,3.0,a speech,LIAR,0.0,0.0,0.0
12658.json,mostly-true,We got the highest vote count in the history of the Republican Party.,"candidates-biography,elections,history,polls",donald-trump,President-Elect,New York,republican,63.0,114.0,51.0,37.0,61.0,"a speech in Raleigh, N.C.",LIAR,0.0,0.0,0.4019
5504.json,false,Says Barack Obama promised gasoline at $2.50 a gallon.,"energy,gas-prices,transportation",lenny-curry,chairman of the Republican Party of Florida,Florida,republican,2.0,1.0,2.0,0.0,0.0,"an interview on ""Political Connections""",LIAR,0.0,0.0,0.3612
1334.json,half-true,"Obama ""closed offshore tax safe havens.""","economy,foreign-policy",chain-email,,,none,11.0,43.0,8.0,5.0,105.0,a widely circulated e-mail,LIAR,0.0,0.0,0.4404
9264.json,barely-true,"Under Greg Abbott, Texas four-year-olds would be forced to undergo standardized tests.","children,corrections-and-updates,education",wendy-davis,state senator,Texas,democrat,5.0,1.0,8.0,12.0,1.0,an online post,LIAR,0.0,0.0,-0.4588
11294.json,true,Im the only governor in America ... who signed a law that says there needs to be an independent investigation any time theres a death of someone in police custody.,criminal-justice,scott-walker,Milwaukee County Executive,Wisconsin,republican,26.0,41.0,32.0,40.0,11.0,"an interview on CNN's ""State of the Union""",LIAR,0.0,0.0,-0.5994
8837.json,true,"During the past four years, average wages have barely budged.","economy,jobs",barack-obama,President,Illinois,democrat,70.0,71.0,160.0,163.0,9.0,the State of Union address,LIAR,0.0,0.0,0.0
509.json,true,"U.S. forces in Iraq and Afghanistan include a ""few thousand that are still green card holders who are not even citizens of this country.""",military,john-mccain,U.S. senator,Arizona,republican,31.0,39.0,31.0,37.0,8.0,"a TV ad airing Colorado, Nevada and New Mexico",LIAR,0.0,0.0,0.0
1078.json,barely-true,We were promised. The president said we would keep unemployment under 8.5 percent (if the stimulus passed).,"economy,stimulus",eric-cantor,House Majority Leader,Virginia,republican,9.0,6.0,4.0,4.0,4.0,a PBS interview.,LIAR,0.0,0.0,-0.1027
7674.json,mostly-true,A wide majority of NRA households ... supported this legislation on gun background checks.,guns,barack-obama,President,Illinois,democrat,70.0,71.0,160.0,163.0,9.0,remarks in the White House Rose Garden,LIAR,0.05,0.0,-0.0258
6853.json,false,Carol Shea-Porter wants to increase taxes on small business and job creators.,small-business,frank-guinta,"U.S. Congress, NH-First District",New Hampshire,republican,1.0,1.0,1.0,1.0,0.0,"an advertisement, “Veterans,”",LIAR,0.0,0.0,0.3182
3828.json,half-true,"Without ethanol, gas prices would be at least 15% higher. With gas at four bucks, that means youre saving 12 bucks on a 20 gallon fill up.","agriculture,gas-prices",wisconsin-corn-growers-association,,Wisconsin,none,0.0,0.0,1.0,0.0,0.0,a radio ad,LIAR,0.0,0.0,0.0
13361.json,barely-true,"When asked about bills in Congress important to the North Country, Derrick responded I just dont know enough about it.",health-care,elise-stefanik,Representative from the 21st Congressional District,New York,republican,1.0,0.0,0.0,0.0,0.0,a television ad,LIAR,0.0,0.0,0.2023
6158.json,true,There is little if any evidence that the use of red light cameras in New Jersey has reduced the number or severity of accidents at the intersections where they are used.,transportation,michael-doherty,,,republican,1.0,3.0,1.0,1.0,0.0,a news release,LIAR,0.0,0.0,-0.25
5226.json,true,There are 86 languages spoken at Miami Dade College.,"diversity,education,immigration",newt-gingrich,"Co-host on CNN's ""Crossfire""",Georgia,republican,16.0,15.0,20.0,10.0,11.0,a debate,LIAR,0.0,0.0,-0.3818
1747.json,false,Says a Bureau of Labor Statistics report attributed a sharp increase in work-related fatalities to increasing numbers of employees and drivers could not read or understand warning signs in English.,"immigration,transportation",tim-james,,Alabama,republican,0.0,1.0,0.0,0.0,0.0,a press release,LIAR,0.15,0.0,-0.6124
3554.json,false,Austins Pease Elementary is a school that was created as part of the Texas Constitution.,education,meria-carstarphen,"Superintendent, Austin Independent School District",Texas,none,0.0,1.0,0.0,0.0,0.0,a radio interview.,LIAR,0.0,0.0,0.25
13233.json,barely-true,"These are radical Islamic terrorists, and (Hillary Clinton) wont even mention the word.",terrorism,donald-trump,President-Elect,New York,republican,63.0,114.0,51.0,37.0,61.0,the second presidential debate,LIAR,0.0,0.0,-0.6249
8919.json,false,On repealing the 17th Amendment,"debates,elections,states",david-dewhurst,Lieutenant governor,Texas,republican,8.0,8.0,10.0,5.0,5.0,a debate,LIAR,0.0,0.0,0.0
4045.json,half-true,"The Federal Register - which houses all Washington regulations - is 34,000 pages in length and weighs in at more than 340 pounds.",market-regulation,randy-forbes,Representative,Virginia,republican,1.0,0.0,4.0,3.0,0.0,a statement.,LIAR,0.0,0.0,0.0
9660.json,half-true,Says Rick Scott cut Bright Futures scholarships in half.,education,charlie-crist,,Florida,democrat,15.0,9.0,20.0,19.0,2.0,a TV ad,LIAR,0.0,0.0,0.2023
1646.json,half-true,"Cuba wants to let the Chinese drill in some of the very parts of the gulf that American producers are currently forbidden to touch, as close as 45 miles off the Florida coast.",energy,cliff-stearns,U.S. representative,Florida,republican,0.0,0.0,2.0,1.0,0.0,a statement on his campaign Web site.,LIAR,0.0,0.0,-0.4215
9493.json,true,Says Central Texas river water sent to downstream rice farmers in 2011 equaled about three years worth of Austins water use.,water,austin-water-utility,,,none,0.0,0.0,0.0,0.0,0.0,as quoted in a StateImpact Texas news story,LIAR,0.0,0.0,0.2263
1740.json,half-true,The Treaty of Tripoli signed by President John Adams was his outreach to Muslims.,"pundits,religion",keith-olbermann,Political commentator,,none,0.0,2.0,3.0,2.0,0.0,comments on the MSNBC show Countdown ,LIAR,0.0,0.0,0.2732
10808.json,mostly-true,There are more poor people today as a percentage of our population than the 1970s.,poverty,jeb-bush,,Florida,republican,17.0,5.0,17.0,24.0,2.0,an interview with reporters at the North Carolina GOP headquarters,LIAR,0.0,0.0,-0.5256
9017.json,half-true,About half the people who would qualify for Medicaid expansion in Florida can buy a health care plan for $30 a month on the federal health care exchange.,"health-care,medicaid",will-weatherford,State Representative,Florida,republican,2.0,3.0,4.0,3.0,0.0,"an interview with the ""Tampa Bay Times""",LIAR,0.0,0.0,0.7506
12126.json,half-true,Stephen Zappala is the only DA in our state to convict an on-duty police officer of criminal homicide.,public-safety,stephen-zappala,Allegheny County District Attorney,Pennsylvania,democrat,0.0,0.0,1.0,0.0,0.0,in a new ad.,LIAR,0.0,0.0,-0.5267
10360.json,barely-true,Estimates say individuals who escaped these high tax states have taken with them around $2 trillion in adjusted gross income.,taxes,rick-scott,Governor,Florida,republican,28.0,23.0,38.0,34.0,7.0,his second inaugural address,LIAR,0.0,0.0,-0.4767
11141.json,half-true,97 percent of the work that Planned Parenthood does is about mammograms and preventative health.,"abortion,public-health",martin-omalley,Maryland governor,Maryland,democrat,3.0,1.0,10.0,4.0,0.0,a New Hampshire interview,LIAR,0.0,0.0,0.0
5412.json,mostly-true,New Jersey has the second highest rate of institutionalization of people with developmental disabilities in America. Only Texas puts more of its citizens -- confines more of its citizens -- to institutions than New Jersey.,"disability,health-care",chris-christie,Governor of New Jersey,New Jersey,republican,10.0,17.0,27.0,19.0,8.0,his budget speech,LIAR,0.0,0.0,0.0
13120.json,half-true,"Says Hillary Clinton and Tim Kaine want to shut down shale, and shut down natural gas.","climate-change,economy,energy,environment,jobs,public-health,market-regulation,water",donald-trump,President-Elect,New York,republican,63.0,114.0,51.0,37.0,61.0,a speech,LIAR,0.0,0.0,0.4215
1390.json,true,No Democratic campaign for (Fla.) governor has ever had these kinds of resources this early on in an election cycle.,florida,alex-sink,,Florida,democrat,1.0,2.0,2.0,4.0,0.0,response to questions about fundraising totals,LIAR,0.0,0.0,-0.296
8972.json,mostly-true,Travis County now has the highest urban county tax rate in Texas.,taxes,andy-brown,Attorney,Texas,democrat,0.0,1.0,0.0,1.0,0.0,a mailer to voters,LIAR,0.0,0.0,0.0
2179.json,pants-fire,Democrats are poised now to cause this largest tax increase in U.S. history.,taxes,sarah-palin,,Alaska,republican,9.0,19.0,9.0,6.0,6.0,"an interview on ""Fox News Sunday""",LIAR,0.0,0.0,0.5106
6059.json,false,Says combined inflation and unemployment rates in October 2011 were the highest since Ronald Reagan succeeded Jimmy Carter.,"economy,history,jobs",wes-riddle,"Theater owner, activist",Texas,republican,0.0,2.0,0.0,0.0,0.0,a speech.,LIAR,0.0,0.0,-0.0258
10101.json,false,Some doctors say Ebola can be transmitted through the air by a sneeze or some cough.,"ebola,health-care,public-health",george-will,Columnist,Maryland,columnist,7.0,6.0,3.0,5.0,1.0,"comments on ""Fox News Sunday""",LIAR,0.0,0.0,0.0
3255.json,false,Limiting labor negotiations to only wages is how it is for the most part in the private sector.,"labor,state-budget",alberta-darling,"State Senator, 8th District",Wisconsin,republican,1.0,1.0,2.0,1.0,1.0,an appearance on a TV interview program,LIAR,0.0,0.0,0.0
7294.json,pants-fire,We just had someone last week in Neenah near a school kill someone with a bow and arrow.,guns,scott-walker,Milwaukee County Executive,Wisconsin,republican,26.0,41.0,32.0,40.0,11.0,a news conference,LIAR,0.0,0.0,-0.6908
1801.json,true,Rick Scott's even saying he wants more offshore drilling.,oil-spill,alex-sink,,Florida,democrat,1.0,2.0,2.0,4.0,0.0,email,LIAR,0.0,0.0,0.0
1675.json,pants-fire,"Obama said troops ""whine about bearing the costs"" of going to war.","military,veterans",chain-email,,,none,11.0,43.0,8.0,5.0,105.0,chain e-mail,LIAR,0.0,0.0,-0.7506
454.json,barely-true,"Says Obama flip-flopped on a gas-tax ""holiday.""",energy,republican-national-committee-republican,,,republican,6.0,6.0,11.0,5.0,2.0,a Web video.,LIAR,0.0,0.0,0.4019
3310.json,barely-true,President Obama came to Ohio 12 times to try to defeat me and guess what? He didnt win.,elections,john-kasich,"Governor of Ohio as of Jan. 10, 2011",Ohio,republican,9.0,8.0,10.0,18.0,3.0,a CNN interview,LIAR,0.0,0.0,-0.7246
10050.json,false,"20,000 Kansans lost their health insurance because of (Obamacare).","health-care,message-machine-2014",pat-roberts,U.S. Senator,Kansas,republican,1.0,1.0,0.0,0.0,0.0,a Web video,LIAR,0.0,0.0,-0.3182
8492.json,true,"Under President George W. Bush, we added $4.9 trillion to the debt. Under President Obama weve added $6.5 trillion to the debt.",debt,kelly-ayotte,U.S. Senator,New Hampshire,republican,2.0,1.0,1.0,4.0,0.0,"a town hall meeting in Hudson, N.H.",LIAR,0.0,0.0,-0.6124
9808.json,barely-true,Congress is on vacation.,"congress,congressional-rules",barack-obama,President,Illinois,democrat,70.0,71.0,160.0,163.0,9.0,a Saturday broadcast address,LIAR,0.0,0.0,0.0
3025.json,true,Its taken more time to complete the Towpath Trail than it did to build the (Ohio Erie) Canal.,recreation,dan-moore,Commissioner for Cleveland MetroParks,Ohio,none,0.0,0.0,0.0,0.0,0.0,an interview with The Plain Dealer,LIAR,0.0,0.0,0.0
1041.json,pants-fire,"Inside the stimulus package is anti-Christian legislation that will stop churches from using public schools for meeting on Sundays, as well as Boy Scouts and student Bible study groups.","economy,religion,stimulus",newt-gingrich,"Co-host on CNN's ""Crossfire""",Georgia,republican,16.0,15.0,20.0,10.0,11.0,an e-mail,LIAR,0.0,0.0,-0.0258
8346.json,pants-fire,"In a sweetheart deal members of Congress, thanks to the Obama administration, are going to be the only people in America to get subsidies in the Obamacare exchanges.",health-care,jeb-hensarling,U.S. Congressman,Texas,republican,0.0,2.0,1.0,0.0,1.0,a House floor speech,LIAR,0.0,0.0,0.802
11845.json,mostly-true,Weve cut taxes 50 times and look what has happened to our revenues. Theyve grown.,"state-budget,taxes",rick-scott,Governor,Florida,republican,28.0,23.0,38.0,34.0,7.0,a comment to a Tampa Bay Times reporter,LIAR,0.0,0.0,-0.2732
7200.json,half-true,"The average kid comes out of Virginia colleges with about $25,000-plus in debt.",education,bob-mcdonnell,Governor,Virginia,republican,6.0,5.0,7.0,6.0,3.0,a news conference.,LIAR,0.0,0.0,-0.3612
8213.json,half-true,Congress secured special Obamacare rules to prevent their healthcare costs from rising.,"congress,health-care",karen-handel,,,republican,2.0,0.0,3.0,3.0,1.0,an email,LIAR,0.0,0.0,0.6705
2126.json,mostly-true,Shirley Sherrod was forced to resign before anybody on Fox said a word about this.,"agriculture,diversity,pundits,abc-news-week",stephen-hayes,Senior writer for the Weekly Standard,,none,2.0,0.0,1.0,1.0,0.0,"a roundtable discussion on ABC's ""This Week""",LIAR,0.0,0.0,-0.6597
13314.json,mostly-true,"Says Saudi Arabia, a U.S. ally, has paid to export throughout the world Wahhabism -- an extreme form of Islam that basically teaches Americans are the devil.","foreign-policy,islam,religion",russ-feingold,,Wisconsin,democrat,2.0,4.0,7.0,5.0,1.0,an interview,LIAR,0.0,0.0,-0.6597
9699.json,mostly-true,Says U.S. Senate candidate Joni Ernst does not support a national minimum wage.,"federal-budget,income,jobs,workers",bruce-braley,U.S. House of Representatives,Iowa,democrat,0.0,2.0,0.0,1.0,0.0,,LIAR,0.0,0.0,-0.3089
9349.json,half-true,Governor Scott Cut Taxes 40 Times For Florida Families,taxes,rick-scott,Governor,Florida,republican,28.0,23.0,38.0,34.0,7.0,a campaign tweet,LIAR,0.0,0.0,-0.2732
1994.json,false,On the use of presidentially appointed commissions.,"energy,federal-budget,government-efficiency,nuclear,oil-spill,science",barack-obama,President,Illinois,democrat,70.0,71.0,160.0,163.0,9.0,"a campaign speech in Grand Junction, Colo.",LIAR,0.0,0.0,0.0
6961.json,mostly-true,Laurie Monnes Anderson voted to let violent criminals out of jail early.,"crime,criminal-justice,voting-record",oregon-senate-republicans,,Oregon,republican,1.0,0.0,0.0,1.0,0.0,a campaign mailer,LIAR,0.0,0.0,-0.8225
289.json,half-true,Says he passed a bill to stop a military requirement that wounded soldiers pay for meals and phone calls.,military,barack-obama,President,Illinois,democrat,70.0,71.0,160.0,163.0,9.0,a debate in Las Vegas,LIAR,0.0,0.0,-0.3818
8751.json,false,Jobs that involve the minimum wage are overwhelmingly jobs for young people starting out in the workforce.,"jobs,labor",scott-walker,Milwaukee County Executive,Wisconsin,republican,26.0,41.0,32.0,40.0,11.0,an interview,LIAR,0.0,0.0,-0.128
10910.json,pants-fire,"If you care about the environment, weve got record funding.",environment,rick-scott,Governor,Florida,republican,28.0,23.0,38.0,34.0,7.0,a speech at his economic summit for presidential candidates,LIAR,0.0,0.0,0.4939
2820.json,true,The (federal) debt is growing by more than $4 billion a day.,"deficit,economy,federal-budget",rick-perry,Governor,Texas,republican,30.0,30.0,42.0,23.0,18.0,"in ""Fed Up! Our Fight to Save America from Washington""",LIAR,0.0,0.0,-0.2023
4542.json,true,"A family of four can make up to $88,000 a year and still get a subsidy for health insurance under the new federal health care law.",health-care,helen-glover,"talk show host, WHJJ",Rhode Island,talk-show-host,1.0,1.0,0.0,0.0,0.0,a radio talk show,LIAR,0.0,0.0,0.4939
9805.json,half-true,More whites than blacks are victims of deadly police shootings.,"civil-rights,crime,criminal-justice",michael-medved,Radio talk show host,,none,0.0,0.0,1.0,0.0,0.0,"a Web post from the ""Michael Medved Show""",LIAR,0.0,0.0,-0.3182
8515.json,barely-true,Says Alex Sink supported a $5.2 billion increase in Floridas debt.,"debt,economy,state-finances",republican-party-florida,,,republican,10.0,6.0,6.0,6.0,4.0,a YouTube attack ad,LIAR,0.0,0.0,0.2732
322.json,barely-true,Gasoline would rise in price by approximately 50 cents a gallon if the McCain-Lieberman bill became law.,energy,mitt-romney,Former governor,Massachusetts,republican,34.0,32.0,58.0,33.0,19.0,"West Palm Beach, Fla.",LIAR,0.0,0.0,0.0
219.json,mostly-true,He's (Romney) the one who said that he would be to the left of Teddy Kennedy on gay rights.,gays-and-lesbians,rudy-giuliani,Attorney,New York,republican,9.0,11.0,10.0,7.0,3.0,"MSNBC's ""Morning Joe""",LIAR,0.0,0.0,0.0
13161.json,half-true,Since I came into office we have increased the VA budget by 85 percent.,"federal-budget,veterans",barack-obama,President,Illinois,democrat,70.0,71.0,160.0,163.0,9.0,a CNN town hall,LIAR,0.0,0.0,0.2732
249.json,mostly-true,McCain opposes repeal of the death tax.,taxes,mitt-romney,Former governor,Massachusetts,republican,34.0,32.0,58.0,33.0,19.0,a TV ad,LIAR,0.0,0.0,-0.5994
5174.json,false,Saysproposal to boostteacherpension fundputs no mandate on local government.,"city-budget,county-budget,education,pensions,state-budget",bob-mcdonnell,Governor,Virginia,republican,6.0,5.0,7.0,6.0,3.0,a speech.,LIAR,0.0,0.0,-0.296
7217.json,half-true,Report that #GOP insisting on changes to Social Security as part of #fiscalcliff false. BTW those changes are supported by @barackobama.,"federal-budget,social-security",marco-rubio,U.S. Senator,Florida,republican,33.0,24.0,32.0,35.0,5.0,in a tweet,LIAR,0.1,0.0,0.5719
11068.json,half-true,"134,000 (criminal) aliens have been released by the (Obama) administration in just the past two years.","crime,immigration",hans-von-spakovsky,,,republican,0.0,0.0,1.0,0.0,0.0,an article on the Heritage Foundation website,LIAR,0.0,0.0,-0.5267
131.json,false,"The Clintons now charge the Secret Service $10,000 monthly rent for the use of (a) Secret Service residence and that rent is just about equal to their mortgage payment.",candidates-biography,chain-email,,,none,11.0,43.0,8.0,5.0,105.0,an e-mail message circulated by many people.,LIAR,0.15,0.0,0.0
10655.json,barely-true,Today roughly half of born-again Christians arent voting. Theyre staying home.,"corrections-and-updates,elections,religion",ted-cruz,Senator,Texas,republican,36.0,33.0,15.0,19.0,8.0,,LIAR,0.0,0.0,0.0
13246.json,false,Says Pete Gallego went and lobbied after you fired him from Congress.,"candidates-biography,ethics",national-republican-congressional-committee,,,republican,18.0,9.0,8.0,5.0,8.0,a TV ad,LIAR,0.0,0.0,-0.5574
11500.json,false,Says he didnt have an involvement withnutritional supplement company Mannatech.,candidates-biography,ben-carson,,,republican,7.0,12.0,3.0,2.0,4.0,"a Republican presidential debate in Boulder, Colo.",LIAR,0.0,0.0,0.0
5002.json,true,Says there have been no cases of wolves killing people in Rocky Mountain states.,environment,oregon-department-fish-and-wildlife,,,none,0.0,0.0,0.0,0.0,0.0,a news story,LIAR,0.0,0.0,-0.765
357.json,true,She flunked the D.C. bar exam.,candidates-biography,chain-email,,,none,11.0,43.0,8.0,5.0,105.0,a chain e-mail based on an article written by Dick Morris,LIAR,0.0,0.0,-0.4767
8110.json,half-true,"For several days in July of 2012, Greenland surface ice cover melted more than at any time in 30 years of satellite observation. During that month, an estimated 97% of the ice sheet thawed.","climate-change,environment,weather",brian-schatz,United States Senator,Hawaii,democrat,0.0,0.0,1.0,0.0,0.0,a speech on the floor of the U.S. Senate,LIAR,0.0,0.0,0.0
11372.json,true,"Since 2008, U.S. crude oil output has increased by over 80 percent, an increase of over 4 million barrels a day. That is the fastest increase in U.S. history.",energy,jeb-bush,,Florida,republican,17.0,5.0,17.0,24.0,2.0,his energy plan,LIAR,0.0,0.0,0.25
1443.json,true,The State of Texas does not even use the E-Verify system to determine if someone is legally in our country when they apply for a job.,immigration,kay-bailey-hutchison,U.S. Senator,Texas,republican,2.0,4.0,4.0,3.0,0.0,a debate.,LIAR,0.0,0.0,0.1027
12592.json,false,On eliminating the influence of money in policy campaigns,"campaign-finance,city-government,ethics",jim-kenney,Philadelphia Mayor,Pennsylvania,democrat,1.0,0.0,1.0,0.0,0.0,,LIAR,0.0,0.0,0.0
5527.json,false,Says over 1 million signatures were submitted in attempt to recall Gov. Scott Walker.,elections,state-democratic-party-wisconsin,,Wisconsin,democrat,5.0,7.0,2.0,2.0,7.0,a video and multiple other instances,LIAR,0.0,0.0,0.0
5892.json,false,Jim Renacci voted repeatedly to end Medicare.,"health-care,medicare",betty-sutton,U.S. representative from Ohio's 13th District,Ohio,democrat,0.0,2.0,1.0,2.0,1.0,a campaign email,LIAR,0.0,0.0,0.0
3106.json,false,A national organization says Georgia has one of Americas toughest ethics laws.,"campaign-finance,ethics",joe-wilkinson,state representative,Georgia,republican,0.0,1.0,0.0,0.0,0.0,a newspaper article,LIAR,0.0,0.0,-0.0772
13308.json,barely-true,Says Hillary Clintons plan is going to raise taxes and even double your taxes.,"economy,income,taxes",donald-trump,President-Elect,New York,republican,63.0,114.0,51.0,37.0,61.0,the third 2016 presidential debate,LIAR,0.0,0.0,0.0
4111.json,half-true,95 percent of teachers and principals are not implicated in the [Atlanta Public Schools cheating scandal] report at all.,education,shirley-franklin,,Georgia,democrat,0.0,0.0,1.0,0.0,1.0,a television interview,LIAR,0.15,0.0,-0.7579
2529.json,true,Rhode Island has a very generous unemployment compensation rate compared to most other states.,"economy,states,workers",john-robitaille,,Rhode Island,republican,0.0,1.0,2.0,0.0,0.0,an interview on WHJJ's Helen Glover Show,LIAR,0.0,0.0,0.1065
11720.json,mostly-true,"By the end of 2015, more than 1,300 people will have died on Georgia roads. One of out evey four fatalities resulted from drunken driving.","Alcohol,crime,public-safety,states,transportation",state-public-service-announcement,promoting safe driving,Georgia,none,0.0,0.0,0.0,1.0,0.0,,LIAR,0.0,0.0,-0.8176
1838.json,mostly-true,"The federal government only ordered BP to pay ""to do one of those six segments"" of sand barriers for Louisiana.","energy,environment,oil-spill,abc-news-week",bobby-jindal,Governor of Louisiana,Louisiana,republican,0.0,1.0,4.0,4.0,0.0,"an interview on ABC news ""This Week''",LIAR,0.0,0.0,-0.1027
13416.json,half-true,Says Russ Feingold formed his own political group to pay himself and his staff millions.,"campaign-finance,candidates-biography",republican-party-wisconsin,,Wisconsin,republican,4.0,3.0,2.0,3.0,0.0,a radio ad,LIAR,0.0,0.0,-0.1027
9559.json,false,"Thanks to #ObamaCare, average E.R. wait in California is 5 hours.",health-care,reince-priebus,"Chairman, Republican National Committee",Wisconsin,republican,2.0,12.0,8.0,3.0,1.0,a tweet,LIAR,0.0,0.0,0.4404
291.json,half-true,"I believe, Senator Clinton, you've raised more money from those people (the oil and gas industry) than any candidate, Democrat or Republican.",ethics,john-edwards,former senator,North Carolina,democrat,0.0,2.0,4.0,4.0,1.0,Las Vegas,LIAR,0.0,0.0,0.0
1226.json,mostly-true,"In the 1950s, ""A lot of people got rich and they had to pay a top tax rate of 90 percent.""",taxes,michael-moore,Documentary filmmaker,,none,2.0,5.0,1.0,6.0,0.0,"in his movie ""Capitalism: A Love Story""",LIAR,0.0,0.0,0.6124
1583.json,false,Bill White ...offered sanctuary to illegal immigrants.,immigration,cathie-adams,"Chair, Republican Party of Texas",Texas,republican,1.0,1.0,1.0,0.0,1.0,a fund-raising letter,LIAR,0.0,0.0,-0.5574
7514.json,false,The fiscal cliff agreement was the largest tax increase in history.,"federal-budget,health-care,taxes",paul-ryan,U.S. Representative,Wisconsin,republican,19.0,6.0,16.0,14.0,2.0,an interview,LIAR,0.0,0.0,0.6705
5121.json,mostly-true,"In 1790, the first Congress, which was packed with framers, required all ship owners to provide medical insurance for seamen; in 1798, Congress also required seamen to buy hospital insurance for themselves. In 1792, Congress enacted a law mandating that all able-bodied citizens obtain a firearm.","congress,government-regulation,health-care,history,supreme-court",einer-elhauge,professor of law,Massachusetts,columnist,0.0,0.0,0.0,1.0,0.0,a commentary in the New England Journal of Medicine,LIAR,0.0,0.0,0.0
12507.json,mostly-true,"The average student debt coming out of the University of Wisconsin-Madison is something like 28,000 dollars.",education,russ-feingold,,Wisconsin,democrat,2.0,4.0,7.0,5.0,1.0,a speech,LIAR,0.0,0.0,0.0
11713.json,barely-true,We didnt go out and take information from the Hillary Clinton campaign.,elections,bernie-s,U.S. Senator,Vermont,independent,18.0,12.0,22.0,41.0,0.0,"an interview on NBC's ""Meet the Press"".",LIAR,0.0,0.0,0.0
7847.json,mostly-true,"In Miami-Dade County, we spend at our school system over $20 million every year educating recent immigrants.","education,immigration",carlos-curbelo,Miami-Dade school board member,Florida,republican,0.0,1.0,0.0,1.0,0.0,a Fox News interview,LIAR,0.0,0.0,0.0
9272.json,false,Says Attorney General Eric Holder recently revealed this idea to have government have gun owners wear special bracelets that would identify you as a gun owner.,"government-regulation,guns",sarah-palin,,Alaska,republican,9.0,19.0,9.0,6.0,6.0,speech to the NRA convention,LIAR,0.0,0.0,-0.2732
10696.json,false,On expanding Medicaid under the Affordable Care Act.,health-care,rick-scott,Governor,Florida,republican,28.0,23.0,38.0,34.0,7.0,interviews with reporters,LIAR,0.0,0.0,0.4939
3880.json,false,"The states tax burden has, according to census figures released today, cost our state another 190,000 residents in 2009.","census,economy,taxes",tom-kean-jr,New Jersey Senate Minority Leader,,republican,0.0,2.0,1.0,0.0,0.0,a press release,LIAR,0.0,0.0,-0.4404
11137.json,true,"Since Volvo spurned Georgia for South Carolina in early May, some 3,455 jobs promising more than $800 million in investments have come to the Peach State.","jobs,states",chris-riley,"Chief of Staff, Gov. Nathan Deal",Georgia,republican,0.0,0.0,0.0,0.0,0.0,an Atlanta Journal-Constitution blog post,LIAR,0.0,0.0,0.4019
5983.json,barely-true,Lloyd Doggett made millions off companies like Bank of America while they took taxpayer bailout money.,"candidates-biography,economy,financial-regulation",sylvia-romo,Bexar County tax assessor-collector,Texas,democrat,1.0,0.0,0.0,0.0,0.0,a campaign mailer.,LIAR,0.0,0.0,0.2732
13147.json,barely-true,Not one illness has been reported from raw milk in Texas in more than four years. A total of six illnesses have occurred in the last 20 years.,"corrections-and-updates,food-safety,public-health",dan-flynn,State Representative,Texas,republican,1.0,0.0,0.0,0.0,1.0,a letter to state health officials,LIAR,0.0,0.0,-0.2972
6118.json,false,"Says that under President Obama, theres been a substantial increase in federal government jobs.","economy,government-efficiency,jobs",rob-portman,U.S. senator from Ohio,Ohio,republican,3.0,5.0,11.0,11.0,1.0,a conference call with reporters,LIAR,0.0,0.0,0.4767
776.json,mostly-true,Obama held one of the first meetings of his political career in Bill Ayers's home. And they've worked together on various projects in Chicago.,candidates-biography,sarah-palin,,Alaska,republican,9.0,19.0,9.0,6.0,6.0,"Clearwater, Fla.",LIAR,0.0,0.0,0.0
2908.json,pants-fire,Theres talk in Congress now about basically confiscating your private 401(k) or IRA plan and rolling it into Social Security to strengthen Social Security.,retirement,william-howell,Speaker of the Virginia House,Virginia,republican,0.0,0.0,0.0,0.0,1.0,in a radio interview.,LIAR,0.05,0.0,0.7269
8149.json,barely-true,Says Matt Bevin has repeatedly failed to pay his taxes.,"ethics,taxes",mitch-mcconnell,Senate minority leader,Kentucky,republican,7.0,6.0,5.0,7.0,0.0,a campaign ad,LIAR,0.0,0.0,-0.5719
5647.json,false,Says new estimates from the Congressional Budget Office conclude the final price-tag for the health care law will exceed $2 trillion more than double what was initially reported.,health-care,frank-lobiondo,,,republican,0.0,1.0,0.0,0.0,0.0,a letter to the editor,LIAR,0.0,0.0,0.4939
13282.json,barely-true,"Many of (Hillary Clintons) friends took bigger deductions (than me). Warren Buffett took a massive deduction. (George) Soros, who is a friend of hers, took a massive deduction.",taxes,donald-trump,President-Elect,New York,republican,63.0,114.0,51.0,37.0,61.0,the second presidential debate,LIAR,0.0,0.0,0.743
11273.json,false,Under the Iran deal: If Israel attacks Iran were supposed to be on Irans side.,"foreign-policy,israel",donald-trump,President-Elect,New York,republican,63.0,114.0,51.0,37.0,61.0,an interview,LIAR,0.0,0.0,-0.4404
10321.json,pants-fire,"Texas House Speaker Joe Straus said, I do not care if Wallace Hall swings from a tree.",states,wallace-hall,Businessman,Texas,republican,0.0,0.0,0.0,0.0,1.0,a speech,LIAR,0.0,0.0,-0.3875
7932.json,false,"There are over 2,000 crimes recorded per 100,000 population in the U.K., compared to 466 violent crimes per 100,000 in the United States.","crime,foreign-policy,guns",blog-posting,,,none,7.0,19.0,3.0,5.0,44.0,a meme on social media,LIAR,0.0,0.0,-0.2732
1954.json,half-true,"Every day, oil continues to pour into the Gulf of Mexico. ... Even with disaster on our coast..., Richard Burr voted to let big oil off the hook.","climate-change,energy,environment,message-machine,oil-spill",americans-united-change,,,none,1.0,4.0,4.0,1.0,0.0,a TV commercial,LIAR,0.0,0.0,-0.6249
6990.json,mostly-true,Pakistan has 100 nuclear warheads and theyre rushing to build a lot more. Theyll have more than Great Britain sometime in the relatively near future.,"foreign-policy,nuclear",mitt-romney,Former governor,Massachusetts,republican,34.0,32.0,58.0,33.0,19.0,"the third presidential debate in Boca Raton, Fla.",LIAR,0.0,0.0,0.6573
13530.json,false,"We had a massive landslide victory, as you know, in the Electoral College.",elections,donald-trump,President-Elect,New York,republican,63.0,114.0,51.0,37.0,61.0,"an interview on ""Fox News Sunday""",LIAR,0.0,0.0,0.0
4675.json,barely-true,"﻿﻿Since Mayor Kennedy OBrien took office Sayreville has issued 22,081 building permits! Now OBrien is holding secret meetings with big developers.",elections,new-jersey-democratic-state-committee,,New Jersey,democrat,2.0,2.0,1.0,0.0,0.0,a political advertisement,LIAR,0.22999999999999998,0.0,0.0
11543.json,half-true,When President Obama was running for re-election Senator Sanders was trying to find someone to primary him.,candidates-biography,martin-omalley,Maryland governor,Maryland,democrat,3.0,1.0,10.0,4.0,0.0,the First in the South Democratic Presidential forum.,LIAR,0.0,0.0,0.0
12743.json,barely-true,"In 2009, pre-Hillary, ISIS was not even on the map.","foreign-policy,terrorism",donald-trump,President-Elect,New York,republican,63.0,114.0,51.0,37.0,61.0,a speech at the Republican convention,LIAR,0.05,0.0,0.0
6008.json,true,"Says that from 1992 through 2010, every statewide candidate drawing over 43 percent of the vote in a Republican Texas primary won the resulting runoff.",history,david-dewhurst,Lieutenant governor,Texas,republican,8.0,8.0,10.0,5.0,5.0,a memo from campaign pollster Mike Baselice.,LIAR,0.0,0.0,0.5719
10212.json,half-true,"Says Obamas net neutrality proposalputs the government in charge of determining Internet pricing, terms of service and what types of products and services can be delivered.","government-regulation,technology",ted-cruz,Senator,Texas,republican,36.0,33.0,15.0,19.0,8.0,a Facebook post,LIAR,0.0,0.0,0.0
12774.json,half-true,"Donald Trump said he was excited for the 2008 housing crash that devastated millions of American families, because he thought it would help him scoop up more real estate on the cheap.","debt,economy,history,housing",elizabeth-warren,U.S. senator,Massachusetts ,democrat,0.0,0.0,3.0,3.0,0.0,a speech at the Democratic convention,LIAR,0.0,0.0,-0.25
4734.json,barely-true,Government employees make 43 percent more in wages and benefits than private-sector workers.,"government-efficiency,labor,unions",building-better-ohio,,Ohio,none,1.0,0.0,0.0,1.0,0.0,a campaign commercial,LIAR,0.0,0.0,0.3818
12884.json,mostly-true,Half of all NC legislative candidates are unopposed because of gerrymandering.,"elections,legal-issues,redistricting,states",common-cause,,,organization,0.0,0.0,0.0,1.0,0.0,an online video ad,LIAR,0.0,0.0,0.0
10689.json,mostly-true,Says Indiana Gov. Mike Pence provides zero state funding for homeless shelters.,"housing,state-budget",us-uncut,,,democrat,0.0,0.0,0.0,1.0,0.0,a Facebook post,LIAR,0.0,0.0,0.0
10682.json,barely-true,"An April 7, 2015 referendum would take the choice of chief justice of the Wisconsin Supreme Court away from the people.","elections,legal-issues,states,supreme-court",greater-wisconsin-political-fund,,Wisconsin,none,3.0,3.0,3.0,1.0,1.0,a radio ad,LIAR,0.0,0.0,0.7906
8767.json,mostly-true,"If you make the average amount of people in Wisconsin, $50,000, you got $1.60 less a week in taxes under the state income-tax cut, but it didnt show up in your paycheck.","state-budget,taxes",kathleen-vinehout,,,democrat,1.0,1.0,1.0,1.0,0.0,a speech,LIAR,0.0,0.0,-0.1406
10292.json,true,"Unlike marijuana, medical cannabis oil cannot get you high.","health-care,marijuana,states",allen-peake,"member, Georgia House of Representatives",Georgia,republican,0.0,0.0,1.0,0.0,0.0,a press conference at the Georgia State Capitol,LIAR,0.0,0.0,0.0
5553.json,mostly-true,"By the time Obama took office, The Bush administration had given the car companies $13 billion and the money was now gone.","economy,message-machine-2012",barack-obama,President,Illinois,democrat,70.0,71.0,160.0,163.0,9.0,a campaign video,LIAR,0.0,0.0,0.0
6173.json,true,Obama said (the individual mandate) wasnt a tax.,"health-care,pundits,taxes",sarah-palin,,Alaska,republican,9.0,19.0,9.0,6.0,6.0,a tweet,LIAR,0.0,0.0,0.0
205.json,false,"I spend a lot of time in Iowa, and believe it or not, in Ottumwa, Iowa, this is the heartland, the newspaper, the regular newspaper for Ottumwa, Iowa, is (a) bilingual newspaper.",immigration,tom-tancredo,U.S. representative,Colorado,republican,2.0,4.0,1.0,1.0,0.0,Fox News interview,LIAR,0.0,0.0,0.0
1555.json,half-true,"The health care bill will ""create 4 million jobs, 400,000 jobs almost immediately.""","economy,health-care",nancy-pelosi,House Minority Leader,California,democrat,3.0,7.0,11.0,2.0,3.0,a statement at the health care summit,LIAR,0.0,0.0,0.6486
9960.json,barely-true,Not even old Gen. Eisenhower saluted military personnel as president.,"history,military",rachel-maddow,MSNBC host,,none,6.0,6.0,4.0,6.0,1.0,"her book ""Drift""",LIAR,0.0,0.0,0.0
4438.json,pants-fire,The first round of stimulus ... it created zero jobs.,"economy,jobs,stimulus",rick-perry,Governor,Texas,republican,30.0,30.0,42.0,23.0,18.0,the CNN/Tea Party Express debate,LIAR,0.0,0.0,0.25
7312.json,half-true,"Today, about 40 percent of guns are purchased without a background check.","criminal-justice,guns",kirsten-gillibrand,U.S. Senator,New York,democrat,0.0,0.0,1.0,3.0,0.0,an interview on MSNBC,LIAR,0.0,0.0,0.0
6719.json,half-true,Says U.S. Rep. John Barrow left taxpayers on the hook for $950k study on genetic makeup of ants.,"stimulus,voting-record",national-republican-congressional-committee,,,republican,18.0,9.0,8.0,5.0,8.0,a web post,LIAR,0.0,0.0,0.0
541.json,half-true,"Barack Obama ""extended health care for wounded troops who'd been neglected.""",military,barack-obama,President,Illinois,democrat,70.0,71.0,160.0,163.0,9.0,a television ad,LIAR,0.0,0.0,-0.0516
2875.json,false,[Georgia] Republicans have mismanaged unemployment benefits.,jobs,democratic-party-georgia-georgia,,,democrat,1.0,1.0,1.0,0.0,0.0,a Facebook post,LIAR,0.0,0.0,-0.0772
11350.json,barely-true,"There is not one of the Muslim nations that doesnt have discrimination against women, discrimination against gays, subjugation of other religious beliefs.","corrections-and-updates,gays-and-lesbians,human-rights,islam,religion,women",ben-carson,,,republican,7.0,12.0,3.0,2.0,4.0,"an interview with Fox's ""The Kelly File""",LIAR,0.0,0.0,0.0
692.json,half-true,"Barack Obama supports plans to raise ""income taxes ... payroll taxes.""",taxes,sarah-palin,,Alaska,republican,9.0,19.0,9.0,6.0,6.0,"a speech in St. Paul, Minn.",LIAR,0.0,0.0,0.3612
7761.json,false,On support for gay marriage,marriage,charlie-crist,,Florida,democrat,15.0,9.0,20.0,19.0,2.0,a Facebook post,LIAR,0.0,0.0,0.4019
1783.json,true,Greece has a GDP the size of the Dallas-Fort Worth Metroplex.,"economy,foreign-policy,pundits",george-will,Columnist,Maryland,columnist,7.0,6.0,3.0,5.0,1.0,a roundtable segment on ABC's This Week,LIAR,0.05,0.0,0.2263
10593.json,barely-true,The labor participation rate is at an all-time low.,"economy,jobs",lindsey-graham,U.S. senator,South Carolina,republican,2.0,2.0,4.0,2.0,0.0,"comments on NBC's ""Meet the Press""",LIAR,0.0,0.0,-0.2732
9952.json,mostly-true,Jason Carter actually opposed more funding for education in the Senate.,"education,state-budget",republican-governors-association,,"Washington, D.C.",republican,5.0,1.0,6.0,4.0,2.0,television ad,LIAR,0.0,0.0,0.0
2559.json,false,"When Washington liberals wanted to take away our guns, Chet said no.","guns,message-machine",chet-edwards,U.S. House member,Texas,democrat,0.0,2.0,0.0,0.0,0.0,a TV ad,LIAR,0.0,0.0,0.0
3628.json,barely-true,Tim Kaine broke a campaign promise not to raise taxes.,"state-budget,taxes",republican-party-virginia,,Virginia,republican,2.0,0.0,0.0,0.0,1.0,a website post.,LIAR,0.0,0.0,-0.128
11431.json,false,The gun industry isthe only business in America that is wholly protected from any kind of liability.,"guns,legal-issues",hillary-clinton,Presidential candidate,New York,democrat,40.0,29.0,69.0,76.0,7.0,a town hall-style campaign event in Iowa,LIAR,0.0,0.0,-0.1513
9988.json,half-true,On the economic stimulus.,economy,charlie-crist,,Florida,democrat,15.0,9.0,20.0,19.0,2.0,in an interview on CNN,LIAR,0.0,0.0,0.0
3171.json,pants-fire,"Says getting ex-cons to successfully return to society is important so we are not always faced constantly with recidivism, which is a big problem in the penitentiary today in the 70 to 80 percent range.","crime,criminal-justice,state-budget",bill-batchelder,State representative,Ohio,republican,0.0,1.0,1.0,1.0,3.0,an interview on WCPN 90.3 FM,LIAR,0.0,0.0,0.3182
2722.json,barely-true,Blames Mike McIntyre and Nancy Pelosi for the second straight year of no cost-of-living increases for Social Security beneficiaries.,"message-machine,social-security",national-republican-congressional-committee,,,republican,18.0,9.0,8.0,5.0,8.0,a campaign commerical,LIAR,0.0,0.0,0.296
4409.json,half-true,"Utah was the No. 1 job creator in this country during my years of service as governor, with a 5.9 percent increase in jobs.","economy,jobs,states",jon-huntsman,,Utah,republican,5.0,1.0,5.0,4.0,1.0,a Republican presidential debate at the Reagan Presidential Library,LIAR,0.0,0.0,0.3182
5928.json,mostly-true,There are 49 different federal job training programs that report to eight agencies.,"education,government-efficiency,jobs",mitt-romney,Former governor,Massachusetts,republican,34.0,32.0,58.0,33.0,19.0,"remarks in St. Petersburg, Fla.",LIAR,0.0,0.0,0.0
13404.json,false,"Twitter, Google and Facebook are burying the FBI criminal investigation of Clinton. Very dishonest media!","elections,technology",donald-trump,President-Elect,New York,republican,63.0,114.0,51.0,37.0,61.0,a Tweet,LIAR,0.13,0.0,-0.8264
3564.json,mostly-true,"Many states without collective bargaining, such as Arizona, Nevada and North Carolina, have far larger budget deficits than many that do, including Ohio.","labor,state-budget",david-pepper,Hamilton County Commissioner,Ohio,democrat,0.0,0.0,0.0,1.0,0.0,an Ohio House committee hearing,LIAR,0.0,0.0,0.0
2225.json,false,We could cut unemployment in half simply by reclaiming the jobs taken by illegal workers.,immigration,lamar-smith,Congressman,Texas,republican,2.0,5.0,1.0,3.0,0.0,a floor speech,LIAR,0.0,0.0,-0.8225
5358.json,true,Many of the top officials at the Port Authority earn more money than the governors of the states that have jurisdiction over them.,transportation,john-wisniewski,State Assemblyman,New Jersey,democrat,2.0,2.0,0.0,1.0,0.0,a radio interview,LIAR,0.0,0.0,0.2732
353.json,half-true,"On issue after issue that really were hard to explain or understand, you voted present . . . And anytime anyone raises that, there's always some kind of explanation.",candidates-biography,hillary-clinton,Presidential candidate,New York,democrat,40.0,29.0,69.0,76.0,7.0,"Myrtle Beach, S.C.",LIAR,0.0,0.0,-0.1725
13474.json,mostly-true,"President-elect Trumps immigration policies are very similar to policies that are sitting right in the Senate and the House today to temporarily suspend immigration from countries that harbor terrorism, to temporarily suspend immigration from Syria until we get better vetting.","homeland-security,immigration",reince-priebus,"Chairman, Republican National Committee",Wisconsin,republican,2.0,12.0,8.0,3.0,1.0,an MSNBC interview,LIAR,0.0,0.0,-0.743
479.json,false,"Says Obama called Israel ""a constant sore"" that infects U.S. foreign policy.",israel,john-boehner,Speaker of the House of Representatives,Ohio,republican,13.0,22.0,11.0,4.0,2.0,a news release.,LIAR,0.0,0.0,-0.3612
9414.json,false,Congresswoman Ros-Lehtinen has long record of voting against VA backlog fixes.,veterans,democratic-congressional-campaign-committee,,,democrat,11.0,8.0,5.0,1.0,9.0,a press release,LIAR,0.0,0.0,0.0
2925.json,half-true,They tried to give us $400 million to build a high-speed train that goes 39 miles an hour.,"infrastructure,stimulus,transportation",john-kasich,"Governor of Ohio as of Jan. 10, 2011",Ohio,republican,9.0,8.0,10.0,18.0,3.0,a CNN interview,LIAR,0.0,0.0,0.0
3795.json,false,The Providence teacher contract is one of the longest in the country.,"education,labor,unions",angel-taveras,Mayor of Providence,Rhode Island,democrat,2.0,1.0,2.0,2.0,0.0,an interview,LIAR,0.0,0.0,0.0
12048.json,mostly-true,Says Ted Cruzswife Heidi will be the very first pro-life first lady.,abortion,james-dobson,,,republican,0.0,0.0,0.0,1.0,0.0,a TV ad,LIAR,0.0,0.0,0.0
9022.json,mostly-true,"The president won the youth vote 3 to1, but his numbers have dropped 20, 30 percent among the youth.","elections,polls",rand-paul,Candidate for U.S. Senate and physician,Kentucky,republican,7.0,8.0,10.0,12.0,3.0,a 'Fox News Sunday' interview,LIAR,0.0,0.0,0.3291
12504.json,pants-fire,"Says Bernie Sanders wins California landslide, But ⅔ of his votes arent counted.",elections,blog-posting,,,none,7.0,19.0,3.0,5.0,44.0,a headline in the Justice Gazette,LIAR,0.0,0.0,0.3291
3463.json,half-true,"Says Allen West helped thwart a terrorist plot by shooting a gun in the direction of an Iraqi detainee, then reported the incident to his superior and said it was wrong.","candidates-biography,iraq,pundits",glenn-beck,,,none,5.0,7.0,7.0,2.0,6.0,comments on his Fox News show.,LIAR,0.0,0.0,-0.7717
1603.json,mostly-true,"Rick Perry had planned to retire from the legislature until his best friend, David Weeks, and I talked him into switching parties and running for the GOP nomination for agriculture commissioner.","candidates-biography,elections",karl-rove,,Texas,republican,2.0,5.0,2.0,8.0,0.0,his autobiography,LIAR,0.05,0.0,0.8779
4129.json,false,"Every time weve cut the capital gains tax, the economy has grown. Whenever we raise the capital gains tax, its been damaged.","economy,taxes",grover-norquist,"President, Americans for Tax Reform",,republican,0.0,3.0,0.0,2.0,1.0,an interview on CNN,LIAR,0.0,0.0,-0.0516
3262.json,half-true,Says some in Congress are trying to create a separate government for those with a drop of Native Hawaiian blood.,"diversity,legal-issues",rick-perry,Governor,Texas,republican,30.0,30.0,42.0,23.0,18.0,a book,LIAR,0.0,0.0,0.0
5611.json,true,New business startups are at the lowest levels in 30 years.,"economy,jobs",john-boehner,Speaker of the House of Representatives,Ohio,republican,13.0,22.0,11.0,4.0,2.0,a news release,LIAR,0.0,0.0,-0.3818
7295.json,half-true,Says Chris Christie vetoed a jobs package of 30 bills.,jobs,stephen-sweeney,State Senator,,democrat,1.0,2.0,3.0,1.0,0.0,a radio interview,LIAR,0.0,0.0,0.0
11289.json,barely-true,"After Texas defunded Planned Parenthood, both the unintended pregnancy and abortion rates dropped.","abortion,women",greg-abbott,governor,Texas,republican,11.0,3.0,8.0,6.0,5.0,a tweet,LIAR,0.0,0.0,0.0
5383.json,barely-true,"If you look at states that are right to work, they constantly do not have budget deficits and they have very good business climates.","economy,labor,states,unions,workers",nicholas-kettle,State senator,Rhode Island,republican,1.0,0.0,0.0,0.0,0.0,a radio talk show,LIAR,0.0,0.0,0.4927
7550.json,true,We have a federal government that thinks they have the authority to regulate our toilet seats.,"consumer-safety,corrections-and-updates,government-regulation,market-regulation,states,supreme-court,workers",ted-cruz,Senator,Texas,republican,36.0,33.0,15.0,19.0,8.0,a speech at CPAC,LIAR,0.0,0.0,0.0772
12045.json,mostly-true,"In 2006, Bernie Sanders voted in the House with hard-line Republicans for indefinite detention for undocumented immigrants, and then he sided with those Republicans to stand with vigilantes known as Minutemen who were taking up outposts along the border to hunt down immigrants.",immigration,hillary-clinton,Presidential candidate,New York,democrat,40.0,29.0,69.0,76.0,7.0,a Democratic presidential debate in Miami,LIAR,0.0,0.0,-0.3612
3536.json,mostly-true,Says House Republicans rejected a straightforward measure that would prevent members of Congress and the president from being paid during a government shutdown.,"ethics,federal-budget,voting-record,workers",barbara-boxer,U.S. Senator,California,democrat,2.0,0.0,3.0,4.0,1.0,a press release,LIAR,0.0,0.0,-0.4939
3985.json,true,Providence is one of the busiest fire departments for its relative size in the country.,"city-government,government-efficiency,public-safety",paul-doughty,"President, International Association of Firefighters Local 799",Rhode Island,labor-leader,0.0,0.0,0.0,1.0,0.0,"an appearance on WPRI's ""Newsmakers.",LIAR,0.0,0.0,-0.34
5071.json,half-true,Says he lived up to a 2008 promise when he closed corporate tax loopholes that were sending profits overseas.,"corporations,economy,job-accomplishments,message-machine-2012,taxes",barack-obama,President,Illinois,democrat,70.0,71.0,160.0,163.0,9.0,a web video advertisement,LIAR,0.0,0.0,0.6369
6615.json,true,The GOP platform that seeks further limits on abortion and is silent on an exception for rape has been there for more than 30 years.,abortion,bob-mcdonnell,Governor,Virginia,republican,6.0,5.0,7.0,6.0,3.0,a TV interview.,LIAR,0.05,0.0,-0.6908
12978.json,mostly-true,"Says Donald Trump himself contributed $100,000 to the Clinton Foundation.",candidates-biography,david-plouffe,Senior Adviser to the President,,democrat,1.0,0.0,0.0,2.0,0.0,an interview on Meet the Press,LIAR,0.0,0.0,0.0
5809.json,false,Says President Barack Obamas parents were communists.,elections,samuel-wurzelbacher,Republican candidate for Congress,Ohio,republican,0.0,1.0,0.0,1.0,1.0,a letter published by the Christian Broadcasting Network,LIAR,0.0,0.0,0.0
12453.json,half-true,"While Rob Portman relies on his super PAC and a handful of billionaires to do his dirty work, we dont have a super PAC, and quite frankly, we dont want one that spends millions to spew out lies and distortions.","campaign-finance,wealth",ted-strickland,Former Ohio governor,Ohio,democrat,2.0,6.0,7.0,4.0,1.0,a fundraising email by campaign manager,LIAR,0.1,0.0,-0.8302
7257.json,false,Says Texas public school funding grew three times the rate of enrollment from 2002 to 2012.,"education,state-budget,state-finances",rick-perry,Governor,Texas,republican,30.0,30.0,42.0,23.0,18.0,a press conference.,LIAR,0.0,0.0,0.0
1071.json,false,White House spokesman Robert Gibbs lied when he said President Obamas birth certificate is posted on the Internet.,"candidates-biography,obama-birth-certificate",worldnetdaily,,,none,0.0,1.0,0.0,0.0,1.0,an advertisement,LIAR,0.0,0.0,-0.3818
1344.json,barely-true,"Although Democrats represent only 10 of Florida's 25 districts, their districts received 60 percent of the stimulus funds.","economy,stimulus,workers",jeff-miller,U.S. Congressman,Florida,republican,1.0,0.0,0.0,1.0,0.0,a newsletter,LIAR,0.0,0.0,0.0
10165.json,pants-fire,"If Cory Gardner gets his way, youd better stock up on condoms.",abortion,naral-pro-choice,,"Washington, D.C.",organization,2.0,1.0,0.0,0.0,1.0,a television ad,LIAR,0.0,0.0,0.4404
931.json,pants-fire,Nancy Pelosi wants a Windfall Tax on Retirement Income.,taxes,chain-email,,,none,11.0,43.0,8.0,5.0,105.0,Internet attack,LIAR,0.0,0.0,0.0
8655.json,pants-fire,The Earth is not warming.,"climate-change,corrections-and-updates,environment,weather",barry-smitherman,"Member, Texas Railroad Commission",Texas,republican,0.0,0.0,1.0,0.0,1.0,,LIAR,0.0,0.0,-0.1139
5110.json,pants-fire,"Shes voted for 60 tax increases, hurting the middle class and small businesses.",taxes,rob-cornilles,consultant,Oregon,republican,1.0,1.0,3.0,1.0,1.0,,LIAR,0.0,0.0,-0.4019
3515.json,false,South Korea doesnt pay the United States for U.S. troops that protect their country.,"federal-budget,foreign-policy,military",donald-trump,President-Elect,New York,republican,63.0,114.0,51.0,37.0,61.0,"an interview on ABC's ""The View""",LIAR,0.0,0.0,0.1441
12737.json,half-true,"Says that as a U.S. senator, Russ Feingold voted against authorizing our military 11 separate times.","federal-budget,foreign-policy,military,terrorism",ron-johnson,,Wisconsin,republican,14.0,6.0,10.0,10.0,1.0,a speech at the Republican convention,LIAR,0.0,0.0,0.0
10347.json,half-true,"Says President Barack Obamasown administration has done five environmental impact assessments of the Keystone XL pipeline, all of which have said it would have a minimum impact on the environment.","energy,environment,jobs",john-thune,U.S. Senator,South Dakota,republican,0.0,0.0,1.0,0.0,1.0,"comments on ""Fox News Sunday""",LIAR,0.0,0.0,0.0
12055.json,mostly-true,Americans havent had a raise in 15 years.,income,hillary-clinton,Presidential candidate,New York,democrat,40.0,29.0,69.0,76.0,7.0,a Hillary for America ad,LIAR,0.0,0.0,0.0
3230.json,pants-fire,"The people that went to school with (Barack Obama), they never saw him, they dont know who he is.","candidates-biography,education,obama-birth-certificate",donald-trump,President-Elect,New York,republican,63.0,114.0,51.0,37.0,61.0,a speech at the CPAC conference,LIAR,0.0,0.0,0.0
907.json,mostly-true,Geithner's failure to pay self-employment taxes while working for the IMF is a mistake that is commonly made for people who are working internationally or for international institutions.,taxes,barack-obama,President,Illinois,democrat,70.0,71.0,160.0,163.0,9.0,statement to reporters,LIAR,0.05,0.0,-0.7269
11266.json,half-true,The nuclear agreement with Iran never sunsets. Theres no sunset in this agreement.,"foreign-policy,nuclear",john-kerry,Secretary of State,Massachusetts,democrat,3.0,2.0,2.0,5.0,0.0,"an interview on MSNBC's ""Morning Joe""",LIAR,0.0,0.0,0.8333
7320.json,mostly-true,States have cumulatively cut over $1.8 billion from their mental health services between 2009 and 2011. This is the largest reduction in state mental health services in half a century.,"guns,health-care",marcy-kaptur,Representative from Ohio's Ninth Congressional District,Ohio,democrat,0.0,2.0,4.0,4.0,0.0,a floor speech in the House of Representatives,LIAR,0.0,0.0,-0.2732
13321.json,barely-true,"Says Rob Portman was a registered foreign agent whose client was Haiti, at a time when the Baby Doc, Duvalier, who was a despot, was killing people.","corrections-and-updates,foreign-policy",ted-strickland,Former Ohio governor,Ohio,democrat,2.0,6.0,7.0,4.0,1.0,the U.S. Senate debate in Cleveland,LIAR,0.0,0.0,-0.8402
4347.json,pants-fire,We spend less on defense today as % of GDP than at any time since Pearl Harbor.,federal-budget,newt-gingrich,"Co-host on CNN's ""Crossfire""",Georgia,republican,16.0,15.0,20.0,10.0,11.0,a Twitter post,LIAR,0.05,0.0,0.0571
10507.json,mostly-true,Nearly one in five women in America has been a victim of rape or attempted rape.,"crime,criminal-justice,sexuality,women",barack-obama,President,Illinois,democrat,70.0,71.0,160.0,163.0,9.0,a public-service video during the Grammys,LIAR,0.0,0.0,-0.91
10053.json,true,Says Scott Brown co-sponsored legislation to let employers deny women coverage for birth control.,"health-care,legal-issues,women",jeanne-shaheen,Senator,New Hampshire,democrat,3.0,0.0,4.0,2.0,0.0,a news release,LIAR,0.0,0.0,-0.34
13476.json,false,Report: 3 million votes in presidential election cast by illegal aliens.,"elections,immigration",blog-posting,,,none,7.0,19.0,3.0,5.0,44.0,an article on InfoWars,LIAR,0.0,0.0,-0.5574
3635.json,half-true,"Over the last 10 years, Georgias public health has declined.",public-health,nathan-deal,,,republican,9.0,5.0,11.0,11.0,0.0,a speech,LIAR,0.0,0.0,0.0
1540.json,false,"He (Obama) has done several things well. Most of those things are places where he changed his view from where he had during the campaign. So, for instance, he's left our troops in Iraq and they're being more successful there. He boosted our effort in Afghanistan, which is the right course to take. He did not close Guantanamo, thank heavens.","afghanistan,iraq",mitt-romney,Former governor,Massachusetts,republican,34.0,32.0,58.0,33.0,19.0,a 'Today Show' interview,LIAR,0.0,0.0,0.8513
1900.json,mostly-true,"John McCain ""voted against the tax cuts of 2001 and 2003, wrongly claiming they helped only the rich.""","candidates-biography,message-machine,taxes",jd-hayworth,,Arizona,republican,0.0,1.0,1.0,1.0,2.0,a campaign commercial,LIAR,0.0,0.0,0.34
5544.json,barely-true,And the revenue generated by drilling off Virginias coast? $40 million over 10 years.,"energy,state-finances",jim-moran,U. S. Congressman,Virginia,democrat,2.0,1.0,1.0,6.0,1.0,s speech.,LIAR,0.0,0.0,0.0
7741.json,true,If you are a federally licensed gun dealer and your license is revoked because youve engaged in misconduct ... your entire inventory under prevailing law is deemed your personal collection. You then can sell it free from any background checks.,guns,david-cicilline,mayor of Providence,Rhode Island,democrat,7.0,4.0,5.0,4.0,1.0,an appearance on 10 News Conference,LIAR,0.0,0.0,0.5574
4361.json,true,The health insurance plan that (members of Congress) have is no different than any other federal employees in the United States government.,health-care,steve-southerland,"U.S. Representative, Florida District 2",Florida,republican,1.0,2.0,1.0,1.0,0.0,comments to Tallahassee residents,LIAR,0.0,0.0,0.1531
1250.json,false,"Not only is there no scientific evidence that CO2 is a pollutant, higher CO2 concentrations actually help ecosystems support more plant and animal life.","climate-change,energy,environment",plantsneedco2org,,,none,0.0,1.0,0.0,0.0,0.0,an ad in the Washington Post,LIAR,0.0,0.0,0.4939
4635.json,barely-true,I dont think Ive ever hired an illegal in my life.,immigration,mitt-romney,Former governor,Massachusetts,republican,34.0,32.0,58.0,33.0,19.0,a Republican presidential primary debate,LIAR,0.0,0.0,-0.5574
5127.json,false,Tampa is the strip club capital of the world.,"economy,pop-culture",ellyn-bogdanoff,state representative,Florida ,republican,1.0,1.0,1.0,0.0,0.0,a hearing in Tallahassee,LIAR,0.0,0.0,0.0
10768.json,false,"About half of the presidents have been governors; half of them, senators.","congress,corrections-and-updates,elections,history,states",ted-cruz,Senator,Texas,republican,36.0,33.0,15.0,19.0,8.0,remarks in New Hampshire,LIAR,0.0,0.0,0.0
1524.json,barely-true,"Challenger Tim Tuggey is a lobbyist who donated over $41,000 to Democrats who support abortion and same-sex marriage.","abortion,education,elections,gays-and-lesbians",ken-mercer,Software engineer,Texas,republican,1.0,0.0,0.0,0.0,0.0,an advertisement,LIAR,0.0,0.0,0.4939
6599.json,pants-fire,Barack Obama began his presidency with an apology tour.,foreign-policy,mitt-romney,Former governor,Massachusetts,republican,34.0,32.0,58.0,33.0,19.0, remarks at the Republican National Convention in Tampa,LIAR,0.0,0.0,0.0516
6230.json,false,"Gov. Rick Scott tried to kick 180,000 people off the voter rolls.","elections,message-machine-2012",moveon,,,democrat,2.0,4.0,3.0,0.0,0.0,an email,LIAR,0.0,0.0,0.0
3236.json,false,A proposed immigration bill will bankrupt Georgia if passed.,immigration,libertarian-party-georgia,,,libertarian,0.0,1.0,1.0,0.0,0.0,a press release,LIAR,0.0,0.0,-0.5574
5552.json,mostly-true,"We also have, in a park thats not far from here, an ability to build a reservoir that can hold a 30-day water supply for the city of Atlanta.",water,kasim-reed,,,democrat,1.0,0.0,5.0,7.0,1.0,an interview,LIAR,0.0,0.0,0.3182
5990.json,half-true,Says he restored prayer and the pledge in our schools.,"education,job-accomplishments,religion",jeff-wentworth,State Senator,Texas,republican,0.0,0.0,1.0,0.0,2.0,a TV ad.,LIAR,0.0,0.0,0.34
4172.json,mostly-true,Says Ronald Reagan repeatedly talked about how irresponsible it would be to allow the full faith and credit of the United States to be impaired in any kind of way.,"deficit,federal-budget,history",barack-obama,President,Illinois,democrat,70.0,71.0,160.0,163.0,9.0,an interview on NPR,LIAR,0.0,0.0,0.7351
3620.json,half-true,An Internet sweepstakes cafe is a legitimate business that has been vetted and found to be completely legal in the state.,gambling,peter-nehr,State Representative,Florida,republican,0.0,0.0,1.0,0.0,0.0,comments published in the 'St. Petersburg Times',LIAR,0.0,0.0,0.2006
2799.json,pants-fire,Says over 25 percent of the Texas budget funds services to non-U.S. citizens.,"economy,immigration",kathie-glass,lawyer,Texas,libertarian,0.0,0.0,0.0,0.0,2.0,a debate.,LIAR,0.0,0.0,0.0
11694.json,false,Our larger domestic threat is from racial supremacist groups.,"crime,religion,terrorism",andre-carson,,,democrat,0.0,1.0,0.0,0.0,0.0,"an interview on ABC News' ""This Week""",LIAR,0.0,0.0,-0.4404
11374.json,pants-fire,"In 2006, Planned Parenthood performed more prevention services and cancer screenings than abortions, but in 2013, there were more abortions.","abortion,women",jason-chaffetz,,Utah,republican,0.0,1.0,0.0,0.0,1.0,a Congressional hearing.,LIAR,0.0,0.0,-0.4019
256.json,mostly-true,If you got rid of the income tax today you'd have about as much revenue as we had 10 years ago.,taxes,ron-paul,U.S. representative,Texas,republican,5.0,8.0,8.0,8.0,3.0,a <i>Meet the Press</i> interview,LIAR,0.0,0.0,0.0
4303.json,half-true,"Says that before Rick Perry became governor, only 4 percent of our total labor force was a minimum wage job ... Today, that number has more than doubled (to) 9.5 percent.","economy,jobs",mike-villarreal,Small business owner,Texas,democrat,1.0,0.0,1.0,2.0,0.0,a Texas Capitol rally.,LIAR,0.0,0.0,0.0772
135.json,barely-true,"Thompson ""voted against $250,000 caps on damages (and) almost anything that would make our legal system fairer.""",legal-issues,rudy-giuliani,Attorney,New York,republican,9.0,11.0,10.0,7.0,3.0,"a Republican debate in Orlando, Fla.",LIAR,0.0,0.0,-0.34
6150.json,mostly-true,Did you know Wisconsins AFSCME union has lost 50%+ of its members since no longer requiring membership?,"elections,state-budget,unions",steve-buckstein,,Oregon,newsmaker,0.0,0.0,0.0,1.0,0.0,"in a tweet, online post",LIAR,0.05,0.0,-0.5423
362.json,mostly-true,I have 35 years' experience making change.,candidates-biography,hillary-clinton,Presidential candidate,New York,democrat,40.0,29.0,69.0,76.0,7.0,a TV ad airing in Iowa and New Hampshire.,LIAR,0.0,0.0,0.0
1213.json,true,"Goldman Sachs was Barack Obama's ""No. 1 private contributor.""","elections,market-regulation",michael-moore,Documentary filmmaker,,none,2.0,5.0,1.0,6.0,0.0,"an interview on ""The Colbert Report""",LIAR,0.0,0.0,0.0
6714.json,false,The reason 29 states no longer have a death tax is that the tax damaged their economic competitiveness.,taxes,yes-84,,,organization,0.0,1.0,0.0,0.0,0.0,campaign material,LIAR,0.0,0.0,-0.8402
6364.json,barely-true,Says U.S. Senate candidate Eric Hovde has no problem with raising taxes.,"federal-budget,message-machine-2012,taxes",club-growth,,,none,4.0,5.0,4.0,2.0,0.0,a television ad,LIAR,0.0,0.0,0.3089
7041.json,half-true,On a single-payer healthcare system,"federal-budget,health-care,voting-record",tammy-baldwin,U.S. Representative,Wisconsin,democrat,5.0,5.0,7.0,4.0,0.0,an interview,LIAR,0.0,0.0,0.0
304.json,true,"If you are African-American in this country today, you are likely to have a net worth of about 10 percent of what white families have.",poverty,john-edwards,former senator,North Carolina,democrat,0.0,2.0,4.0,4.0,1.0,"a debate in Myrtle Beach, S.C.",LIAR,0.0,0.0,0.2263
9748.json,pants-fire,Says George Soros and Bill Gates are funding a bioweapons lab in Sierra Leone that caused the Ebola outbreak.,"ebola,public-health",blog-posting,,,none,7.0,19.0,3.0,5.0,44.0,a blog post,LIAR,0.0,0.0,0.0
4687.json,half-true,The STAR Ohio fund just received the highest possible credit rating one of these funds can receive.,"economy,job-accomplishments,state-finances",josh-mandel,Ohio treasurer,Ohio,republican,4.0,5.0,4.0,5.0,6.0,an email to supporters,LIAR,0.05,0.0,0.3818
10660.json,pants-fire,Says Gov. Scott Walker has been rated Americas most factually-challenged politician.,"candidates-biography,job-accomplishments,polls",state-democratic-party-wisconsin,,Wisconsin,democrat,5.0,7.0,2.0,2.0,7.0,a website post,LIAR,0.0,0.0,0.0
4241.json,mostly-true,"As a percentage of our gross domestic product, the defense budget remains just 3.6 percent. This figure is low by all historical standards.","deficit,federal-budget,military",randy-forbes,Representative,Virginia,republican,1.0,0.0,4.0,3.0,0.0,an opinion column. ,LIAR,0.0,0.0,-0.5719
5674.json,half-true,"Richard Hayne, president and CEO of Urban Outfitters (is) a supporter of Rick Santorum and donated over $13,000 to him.","candidates-biography,elections,families,pop-culture",facebook-posts,Social media posting,,none,14.0,18.0,15.0,11.0,36.0,a post on Facebook,LIAR,0.05,0.0,0.2732
6107.json,mostly-true,Say Portland Public Schools central administration makes up less than 4 percent of the staff.,education,portland-public-schools,School district,Oregon,none,0.0,0.0,1.0,1.0,0.0,a guest column,LIAR,0.0,0.0,0.0
8600.json,half-true,"American voters remain steadfast in their support for immigration reform with a path to citizenship, with more than 70 percent who want to see reform passed this year.",immigration,causa-oregon,,Oregon,organization,0.0,0.0,1.0,0.0,0.0,a website statement,LIAR,0.0,0.0,0.6124
9110.json,barely-true,Wisconsin now ranks among the top 10 states for out-migration.,"economy,jobs,population",mary-burke,Madison school board member,Wisconsin,democrat,5.0,5.0,11.0,8.0,3.0,a report,LIAR,0.0,0.0,0.2023
3579.json,false,President Obama has spent over $2 million in legal fees defending lawsuits about his birth certificate.,obama-birth-certificate,donald-trump,President-Elect,New York,republican,63.0,114.0,51.0,37.0,61.0,"an interview on NBC's ""Today"" show",LIAR,0.0,0.0,-0.0258
3341.json,true,Says the Army is spending $7 million to sponsor a NASCAR team.,"federal-budget,military",betty-mccollum,U.S. Representative,Minnesota,democrat,0.0,0.0,0.0,0.0,0.0,"press release, Rep. Betty McCollum",LIAR,0.05,0.0,0.0
1839.json,half-true,"As the CEO of eBay, ""Whitman started a separate division that only sells porn.""","ethics,message-machine",steve-poizner,Insurance commissioner and gubernatorial candidate,California,republican,0.0,1.0,1.0,1.0,0.0,an online campaign commercial ,LIAR,0.05,0.0,0.0
5813.json,mostly-true,"About 230,000 people that were on unemployment when I took office are not on unemployment now.","economy,workers",rick-scott,Governor,Florida,republican,28.0,23.0,38.0,34.0,7.0,radio interview,LIAR,0.0,0.0,-0.1265
755.json,half-true,There are so many loopholes ... our businesses pay effectively one of the lowest tax rates in the world.,taxes,barack-obama,President,Illinois,democrat,70.0,71.0,160.0,163.0,9.0,"a debate in Oxford, Miss.",LIAR,0.0,0.0,-0.0258
1384.json,pants-fire,We had no domestic attacks under Bush.,"homeland-security,terrorism",rudy-giuliani,Attorney,New York,republican,9.0,11.0,10.0,7.0,3.0,an interview on 'Good Morning America',LIAR,0.0,0.0,0.0531
8917.json,false,"Girl Scouts USAs curriculum promotes Margaret Sanger, founder of Planned Parenthood, Betty Friedan, founder of NARAL Prochoice, and other pro-abortion women as icons for our children to emulate.","abortion,children,sexuality",american-life-league,Nonproft organization,,none,0.0,1.0,0.0,0.0,0.0,an email blast,LIAR,0.05,0.0,0.34
1672.json,true,Says Holly Turner failed to vote in five straight Republican primaries.,elections,paul-workman,Businessman ,Texas,republican,1.0,0.0,0.0,0.0,0.0,a TV ad,LIAR,0.0,0.0,-0.34
5474.json,half-true,"In 2011, there were more than 28,000 new Tennessee jobs created and over $4 billion in capital investment. Our Jobs4TN plan is working.","economy,jobs",bill-haslam,Governor,Tennessee,republican,0.0,1.0,1.0,0.0,0.0,his State of the State address.,LIAR,0.0,0.0,0.25
8330.json,mostly-true,Up to half of all Americans have a pre-existing condition.,health-care,barack-obama,President,Illinois,democrat,70.0,71.0,160.0,163.0,9.0,a speech about the Affordable Care Act,LIAR,0.0,0.0,0.0
200.json,true,"In the African-American community today, 68 percent of kids born are born out of wedlock.",families,mitt-romney,Former governor,Massachusetts,republican,34.0,32.0,58.0,33.0,19.0,"St. Petersburg, Fla.",LIAR,0.0,0.0,0.0
4923.json,true,A database police use to look up wanted suspects excludes certain warrants issued by Atlanta Municipal Court.,criminal-justice,city-atlanta,,,none,1.0,1.0,1.0,0.0,0.0,a news release,LIAR,0.0,0.0,-0.0772
3028.json,false,"In preparing a rules package for the 112th Congress, the GOP had no discussions with Democrats.","bipartisanship,congressional-rules",steny-hoyer,House Majority Leader,Maryland,democrat,0.0,1.0,3.0,4.0,0.0,a news release,LIAR,0.05,0.0,-0.296
3067.json,true,Some of the men serving in the (Afghan) armed forces have never driven a vehicle before.,afghanistan,marco-rubio,U.S. Senator,Florida,republican,33.0,24.0,32.0,35.0,5.0,comments to reporters.,LIAR,0.0,0.0,0.0
3050.json,true,Says she condemned violence at a campaign stop in Arizona in March.,elections,sarah-palin,,Alaska,republican,9.0,19.0,9.0,6.0,6.0,a video statement on Facebook,LIAR,0.0,0.0,-0.8481
2263.json,mostly-true,"In 2008 (Mandel) was re-elected to a second term, representing a district with a 2:1 Democrat to Republican voter ratio.",elections,josh-mandel,Ohio treasurer,Ohio,republican,4.0,5.0,4.0,5.0,6.0,a statement posted to his website,LIAR,0.0,0.0,0.0
4373.json,pants-fire,A new college tuition reciprocity agreement with Minnesota makes college education more affordable for Wisconsin residents.,"education,state-budget,states",scott-walker,Milwaukee County Executive,Wisconsin,republican,26.0,41.0,32.0,40.0,11.0,a news release,LIAR,0.0,0.0,0.4939
1063.json,true,Says the Congressional Budget Office estimates a cap-and-trade program would cost the average family the equivalent of a postage stamp a day.,"energy,environment",edward-markey,,,democrat,0.0,0.0,1.0,1.0,0.0,a press release.,LIAR,0.0,0.0,0.0
8209.json,true,"Says that unlike Texas, Missouri has a perfect AAA credit rating.","economy,state-budget,state-finances,states",jay-nixon,Governor,Missouri,democrat,2.0,0.0,0.0,1.0,0.0,a radio advertisement,LIAR,0.05,0.0,0.743
3286.json,false,The presidents proposed budget will help reduce the deficit by $400 billion over the next decade to the lowest level since Dwight Eisenhower was president.,"deficit,federal-budget,history",barack-obama,President,Illinois,democrat,70.0,71.0,160.0,163.0,9.0,"a speech in Cleveland, Ohio",LIAR,0.0,0.0,-0.3818
2878.json,mostly-true,"The Republican plan for tax cuts is to give each millionaire -- the top 1 percent of income in this country -- $83,347 a year in tax cuts.",taxes,alan-grayson,U.S. House of Representatives,Florida,democrat,6.0,5.0,4.0,11.0,1.0,a speech on the House floor.,LIAR,0.0,0.0,-0.3818
3652.json,false,President Barack Obama took exactly none of his own deficit reduction commissions ideas. Not one.,"deficit,federal-budget",john-boehner,Speaker of the House of Representatives,Ohio,republican,13.0,22.0,11.0,4.0,2.0,an interview with ABC news,LIAR,0.0,0.0,-0.4019
9601.json,barely-true,"Perdue mismanaged Pillowtex, and nearly 8,000 people got laid off.",economy,jack-kingston,U.S. Representative,Georgia,republican,3.0,1.0,4.0,3.0,0.0,an ad,LIAR,0.0,0.0,0.0
9218.json,mostly-true,One thing that is much more unpopular than the Affordable Care Act is repealing the Affordable Care Act.,"congress,health-care,polls",democratic-national-committee,,,none,8.0,2.0,10.0,8.0,0.0,"an interview on CNN's ""State of the Union.""",LIAR,0.0,0.0,0.7506
5534.json,barely-true,Says David Rivera allowed House Republican leaders to strip key provisions from the STOCK Act that would crack down on insider trading by members of Congress.,"candidates-biography,ethics",luis-garcia,state representative,Florida,democrat,1.0,0.0,0.0,1.0,0.0,a campaign press release,LIAR,0.05,0.0,0.0
13442.json,pants-fire,"Says that at a campaign rally President Barack Obama spent so much time screaming at a protester, and frankly it was a disgrace.",elections,donald-trump,President-Elect,New York,republican,63.0,114.0,51.0,37.0,61.0,"a rally in Hershey, Pa. ",LIAR,0.0,0.0,-0.7239
10404.json,half-true,Says Mitt Romney pays less tax than the guys who installed his car elevators.,taxes,jennifer-granholm,Former governor of Michigan,Michigan,democrat,1.0,0.0,3.0,2.0,0.0,"an interview on ABC's ""This Week""",LIAR,0.0,0.0,0.0
2602.json,false,Marco Rubio says Solo Ingles (English only).,immigration,kendrick-meek,,Florida,democrat,2.0,6.0,1.0,4.0,1.0,a web ad.,LIAR,0.0,0.0,0.0
8033.json,barely-true,Farming is one of the fastest growing areas of our economy.,"agriculture,economy",lincoln-chafee,,Rhode Island,democrat,3.0,5.0,3.0,4.0,0.0,a newspaper story,LIAR,0.0,0.0,0.1779
11323.json,pants-fire,You know our current president is (Muslim). You know hes not even an American.,"islam,obama-birth-certificate,terrorism",town-hall-audience-member,,,none,0.0,0.0,0.0,0.0,1.0,"a town hall held by Donald Trump in Rochester, N.H.",LIAR,0.0,0.0,0.0
9580.json,mostly-true,Says Charlie Crist raised taxes on the middle class by $2.2 billion.,taxes,republican-party-florida,,,republican,10.0,6.0,6.0,6.0,4.0,a campaign commercial,LIAR,0.0,0.0,0.0
10949.json,half-true,The United States still ranks 20th in the world in access to broadband -- over 50 percent below the best nations.,"economy,infrastructure,technology",russ-feingold,,Wisconsin,democrat,2.0,4.0,7.0,5.0,1.0,a speech at the state Democratic Party convention,LIAR,0.0,0.0,0.7906
11458.json,mostly-true,A Republican bill that would change John Doe criminal investigations is creating exceptions in the law for politicians.,"campaign-finance,crime,criminal-justice,elections,ethics,legal-issues",chris-danou,,,democrat,0.0,0.0,0.0,1.0,0.0,remarks in Assembly debate,LIAR,0.0,0.0,-0.296
7967.json,mostly-true,"In 1999, the NRA leadership in Washington, pretty much the same people intact, were for (expanded background checks.)",guns,joe-manchin,Senator from West Virginia,West Virginia,democrat,0.0,0.0,1.0,1.0,0.0,an interview on MSNBC,LIAR,0.05,0.0,0.6124
11224.json,true,There are actually only 30 countries that practice birthright citizenship.,immigration,se-cupp,Co-host of CNN's Crossfire,,republican,0.0,0.0,1.0,0.0,0.0,"an interview on ""State of the Union""",LIAR,0.0,0.0,0.0
12483.json,false,Virginias banning of felons from voting is a Jim Crow-era law.,"civil-rights,history",levar-stoney,Richmond mayoral candidate,Virginia,democrat,1.0,1.0,1.0,0.0,0.0,a radio interview.,LIAR,0.0,0.0,0.0
5389.json,pants-fire,Says he was exonerated in every single case in 1990s ethics violations charges.,ethics,newt-gingrich,"Co-host on CNN's ""Crossfire""",Georgia,republican,16.0,15.0,20.0,10.0,11.0,a radio interview,LIAR,0.0,0.0,-0.4019
566.json,barely-true,John McCain has given erratic and inconsistent answers on when troops should return from Iraq.,iraq,democratic-national-committee,,,none,8.0,2.0,10.0,8.0,0.0,in an ad on the Internet,LIAR,0.0,0.0,0.0
3986.json,pants-fire,Multnomah Countys food action plan clearly plans to disrupt the free market system in terms of food choices making it harder and more expensive for many residents to eat their food of choice.,"county-government,government-regulation",roxanne-ross,blogger,Oregon,none,0.0,0.0,0.0,0.0,1.0,an online posting,LIAR,0.0,0.0,0.7184
6047.json,false,Homosexual behavior cuts your lifeby about 20 years.,"gays-and-lesbians,health-care,sexuality",bob-marshall,State delegate,Virginia,republican,0.0,2.0,0.0,0.0,1.0,an interview.,LIAR,0.0,0.0,-0.296
10681.json,half-true,"A school uniform policy helps with school safety, helps with truancy.",education,janet-adkins,state representative,Florida,republican,1.0,0.0,1.0,1.0,0.0,a discussion about school uniforms,LIAR,0.0,0.0,0.7906
1871.json,pants-fire,"My opponent in November of 2008 sent a missive to the White House, to President Obama-elect, and said, Heres how you need to sell cap-and-trade to the American people.","cap-and-trade,climate-change",rick-perry,Governor,Texas,republican,30.0,30.0,42.0,23.0,18.0,a speech,LIAR,0.0,0.0,0.0
4334.json,mostly-true,"Over the last four years, 53 percent of black wealth has just disappeared.","diversity,economy,pundits,abc-news-week",donna-brazile,Political commentator,"Washington, D.C.",democrat,0.0,1.0,4.0,7.0,0.0,a comment on 'This Week with Christiane Amanpour',LIAR,0.0,0.0,0.3182
3792.json,barely-true,Early voting remains at 96 hours.,elections,kurt-browning,Secretary of State,Florida,republican,1.0,0.0,0.0,0.0,0.0,a guest column published in the 'St. Petersburg Times',LIAR,0.0,0.0,0.0
2473.json,false,"Says Rand Paul thinks drug-dealing, theft, burglary and prostitution should be decriminalized.","crime,message-machine",jack-conway,Kentucky Attorney General,Kentucky,democrat,0.0,1.0,0.0,2.0,0.0,a campaign video,LIAR,0.0,0.0,0.0
3300.json,mostly-true,FACT: the special assistant in @johnkasichs office makes over three times more than an average #OH firefighter,"government-efficiency,public-service,state-budget,workers",ohio-democratic-party,,Ohio,democrat,4.0,1.0,2.0,2.0,2.0,a tweet on Twitter,LIAR,0.05,0.0,0.4019
2074.json,mostly-true,"As a Congressman, J.D. Hayworth was an avid earmarker who supported such pork as $220,000 to renovate a Maine Blueberry farm and $5.8 million for a Vermont snowmobile trail.","federal-budget,message-machine",john-mccain,U.S. senator,Arizona,republican,31.0,39.0,31.0,37.0,8.0,a political ad,LIAR,0.0,0.0,0.5423
11617.json,false,59 percent of Americans today believe that Barack Obama is still a Muslim.,"candidates-biography,diversity,polls",arsalan-iftikhar,"Senior editor, Islamic Monthly magazine ","Washington, D.C.",none,0.0,1.0,0.0,0.0,0.0,"a roundtable discussion on NBC's ""Meet the Press""",LIAR,0.0,0.0,0.0
5548.json,mostly-true,"Because of the new health care law, 2.5 million young adults now have coverage.","health-care,job-accomplishments,message-machine-2012",barack-obama,President,Illinois,democrat,70.0,71.0,160.0,163.0,9.0,"the campaign film ""The Road We've Traveled""",LIAR,0.0,0.0,0.4939
8217.json,mostly-true,Half of Oregon university students are on Pell Grants.,"education,poverty",jim-francesconi,Member of the State Board of Higher Education,Oregon,none,0.0,1.0,1.0,1.0,0.0,a guest column,LIAR,0.0,0.0,0.2263
10115.json,mostly-true,Weve had 27 (Ebola) outbreaks around the globe and theyve never spread outside of the confines of the countries that were initially affected.,"ebola,public-health",corey-hebert,,,democrat,0.0,0.0,0.0,1.0,0.0,"an interview on MSNBC's ""All in with Chris Hayes""",LIAR,0.0,0.0,-0.1531
5229.json,half-true,"When I was fighting against cap and trade, the speaker was sitting down with Nancy Pelosi on a sofa encouraging it.","bipartisanship,cap-and-trade,climate-change,energy",mitt-romney,Former governor,Massachusetts,republican,34.0,32.0,58.0,33.0,19.0,"a debate in Tampa, Fla.",LIAR,0.0,0.0,0.2263
11885.json,mostly-true,"Making public colleges and universities tuition-free, that exists in countries all over the world, used to exist in the United States.","education,history",bernie-s,U.S. Senator,Vermont,independent,18.0,12.0,22.0,41.0,0.0,a Democratic debate in New Hampshire,LIAR,0.0,0.0,0.4215
2273.json,mostly-true,"Taxpayer money will provide iPod Touch devices to high school students in Utah, BlackBerry smart phones to smokers who kick the habit and funding for a study of exotic ants in East Africa.",stimulus,john-cornyn,Senator,Texas,republican,5.0,3.0,6.0,2.0,1.0,a press release,LIAR,0.0,0.0,0.4019
12439.json,mostly-true,The Nordic countries are some of the few countries that meet development aid goals.,foreign-policy,barack-obama,President,Illinois,democrat,70.0,71.0,160.0,163.0,9.0,a press conference,LIAR,0.0,0.0,0.0
12813.json,mostly-true,"In first week as governor, Tim Kaine proposed a nearly $4 billion tax increase, $4 billion, including a tax increase on people earning as little as $17,000 a year.",taxes,donald-trump,President-Elect,New York,republican,63.0,114.0,51.0,37.0,61.0,a speech.,LIAR,0.0,0.0,0.5574
5469.json,true,Gingrich supported individual health insurance mandates.,"health-care,message-machine-2012",red-white-and-blue-fund,,,none,0.0,1.0,0.0,0.0,0.0,a campaign ad,LIAR,0.0,0.0,0.3182
10503.json,false,"When I came into office, our vaccination rate in Texas was 65 percent. When I left two weeks ago, it was 95 percent.","corrections-and-updates,health-care,public-health",rick-perry,Governor,Texas,republican,30.0,30.0,42.0,23.0,18.0,an interview with the Texas Tribune and Washington Post.,LIAR,0.0,0.0,0.0
1535.json,mostly-true,"Florida ""has the second-highest foreclosure rate in the nation.""","economy,housing",kendrick-meek,,Florida,democrat,2.0,6.0,1.0,4.0,1.0,a statement on his Web site,LIAR,0.0,0.0,-0.128
8817.json,true,"Deer baiting, planned for Block Island by DEM, is illegal in Rhode Island.","animals,crime,environment,government-regulation,guns,pundits,recreation,market-regulation",richard-august,talk show host,Rhode Island,talk-show-host,0.0,0.0,0.0,0.0,0.0,a Providence Journal commentary,LIAR,0.05,0.0,-0.7579
7174.json,barely-true,"Thanks to actions by the Milwaukee County Board on the 2013 budget, the amount of county taxes on the average home in the city of Milwaukee would be a $19 decrease.","county-budget,county-government,taxes",marina-dimitrijevic,,,none,1.0,1.0,2.0,0.0,0.0,a radio interview,LIAR,0.0,0.0,0.4404
12096.json,barely-true,Says Judge JoAnne Kloppenburg agreed to use a technicality to give a convicted sex offender a new hearing because he didnt understand the charge.,criminal-justice,wisconsin-alliance-reform,,,organization,1.0,0.0,0.0,0.0,0.0,a TV ad,LIAR,0.0,0.0,-0.1027
13529.json,half-true,"More than two months ago President Barack Obama signed a bill for more than $1 billion in Zika funding, but the federal government has still only committed $7 million to help Florida.","federal-budget,public-health",rick-scott,Governor,Florida,republican,28.0,23.0,38.0,34.0,7.0,a press release,LIAR,0.0,0.0,0.7351
10445.json,false,"It will cost $50,000 per enrollee in Obamacare over the next 10 years.","health-care,taxes",stuart-varney,,,republican,0.0,1.0,0.0,0.0,0.0,"an interview on Fox News' ""America's Newsroom""",LIAR,0.0,0.0,0.0
9749.json,true,The minimum number of infrastructure (needs) in Atlanta is $900 million.,city-government,kasim-reed,,,democrat,1.0,0.0,5.0,7.0,1.0,press conference,LIAR,0.0,0.0,0.0772
114.json,true,She stood by ground zero workers who sacrificed their health after so many sacrificed their lives and kept standing till this administration took action.,health-care,hillary-clinton,Presidential candidate,New York,democrat,40.0,29.0,69.0,76.0,7.0,a television ad,LIAR,0.0,0.0,0.0
13482.json,half-true,"In Flint, Mich., the pipes still havent been replaced. The water is still poisoned.","infrastructure,public-health,urban,water",michael-moore,Documentary filmmaker,,none,2.0,5.0,1.0,6.0,0.0,"remarks on MSNBC's ""Morning Joe""",LIAR,0.0,0.0,-0.4939
784.json,mostly-true,"John McCain ""is proposing tax cuts that would give the average Fortune 500 CEO an additional $700,000 in tax cuts.""",taxes,barack-obama,President,Illinois,democrat,70.0,71.0,160.0,163.0,9.0,"a debate in Nashville, Tenn.",LIAR,0.05,0.0,-0.5267
6595.json,barely-true,President Barack Obama has weakened the respect for America abroad.,"foreign-policy,polls",callista-gingrich,Wife of former presidential candidate Newt Ginrgich,Georgia,republican,1.0,0.0,0.0,0.0,0.0,a speech at the Republican National Convention in Tampa,LIAR,0.0,0.0,0.2023
9157.json,false,Says the Medicaid fraud rate in Virginia was fact-checked and found to be 0.47 percent.,"health-care,medicaid",terry-mcauliffe,Governor,Virginia,democrat,12.0,6.0,2.0,2.0,3.0,a radio interview.,LIAR,0.0,0.0,-0.5859
7373.json,mostly-true,I was never against same-sex marriage.,marriage,leah-ward-sears,,Georgia,none,0.0,0.0,0.0,1.0,0.0,newspaper column,LIAR,0.0,0.0,0.0
3389.json,half-true,"Says Rick Scotts proposed budget would lay off 20,000 teachers.","education,state-budget",rod-smith,Florida Democratic Party Chairman,Florida,democrat,0.0,1.0,1.0,1.0,0.0,a statement responding to Gov. Rick Scott's State of the State speech.,LIAR,0.0,0.0,0.0
7123.json,true,Says that in the 1985 election former Gov. Tom Kean had the largest winning margin for a gubernatorial candidate in Jersey history.,"elections,states",raymond-bateman,,,republican,0.0,1.0,0.0,0.0,0.0,a column,LIAR,0.0,0.0,0.5267
7010.json,mostly-true,We got back every dime used to rescue the banks.,financial-regulation,barack-obama,President,Illinois,democrat,70.0,71.0,160.0,163.0,9.0,"a campaign speech in Manchester, N.H.",LIAR,0.0,0.0,0.5106
1224.json,mostly-true,The richest 1 percent have more financial wealth than the bottom 95 percent combined.,"economy,poverty,workers",michael-moore,Documentary filmmaker,,none,2.0,5.0,1.0,6.0,0.0,"a news conference in Washington, D.C.",LIAR,0.0,0.0,0.7832
3571.json,false,"For every one ESD superintendent position, we can pay for three speech pathologists, or three special needs instructors, or three classroom teachers.","education,state-budget",mark-hass,state representative,Oregon,democrat,0.0,1.0,1.0,1.0,0.0,in a press release,LIAR,0.05,0.0,0.3182
2860.json,false,On an earmark moratorium.,federal-budget,kay-bailey-hutchison,U.S. Senator,Texas,republican,2.0,4.0,4.0,3.0,0.0,a statement,LIAR,0.0,0.0,0.0
10199.json,true,I spent only $36.29 on my campaign for governor.,"campaign-finance,elections,jobs",robert-healey,lawyer,Rhode Island,independent,1.0,0.0,0.0,0.0,0.0,interviews,LIAR,0.0,0.0,0.0
10200.json,half-true,Weve created more jobs in the United States than every other advanced economy combined since I came into office.,jobs,barack-obama,President,Illinois,democrat,70.0,71.0,160.0,163.0,9.0,"an interview on CBS' ""Face the Nation""",LIAR,0.0,0.0,0.7003
10564.json,half-true,"At this particular point in time, looking at the field, theres only one individual thats ever had the uniform of his country onand thats me.","candidates-biography,military",rick-perry,Governor,Texas,republican,30.0,30.0,42.0,23.0,18.0,a web ad,LIAR,0.0,0.0,0.0
2168.json,true,"(Bill) McCollum also voted for numerous amendments to weaken the legislation, even voting to make trains less accessible to those in wheelchairs.",disability,florida-democratic-party,,Florida,democrat,5.0,4.0,4.0,5.0,3.0,a press release,LIAR,0.0,0.0,-0.4215
6744.json,false,Says the number-one source of illegal immigration is people legally coming to the United States on a tourist visa or a student visa and then disappearing into the population and never being heard from again.,immigration,rob-andrews,Congressman,New Jersey,democrat,0.0,1.0,0.0,0.0,0.0,an interview with Townsquare Media New Jersey,LIAR,0.0,0.0,-0.1027
3595.json,false,Says Gov. Rick Scotts approval ratings are up.,"polls,pundits",brian-kilmeade,Fox and Friends co-host,,none,0.0,2.0,0.0,0.0,1.0,comments on 'Fox and Friends',LIAR,0.0,0.0,0.4767
4205.json,true,Medicaid is the primary source of health insurance for 41.7 percent of Hispanic children in Georgia.,health-care,la-raza,,,none,0.0,0.0,0.0,0.0,0.0,newscast,LIAR,0.0,0.0,0.0
3965.json,barely-true,Says tax revenue was lower than expected in May and thats basically a clear indication the governors counselors are probably right -- that we are still not out of the woods yet.,"economy,state-budget,state-finances,taxes",chris-widener,State senator,Ohio,republican,1.0,0.0,0.0,0.0,0.0,remarks to reporters,LIAR,0.0,0.0,0.1027
8499.json,mostly-true,Health insurance is more expensive in Massachusetts than anywhere else in the country.,"health-care,states",mitt-romney,Former governor,Massachusetts,republican,34.0,32.0,58.0,33.0,19.0,"comments on NBC's ""Meet the Press""",LIAR,0.0,0.0,0.0
7019.json,mostly-true,Rhode Island has taken its federal Medicaid funding and shown it can run the program more cost-effectively than the federal government.,"federal-budget,government-efficiency,government-regulation,health-care,medicaid,poverty",mitt-romney,Former governor,Massachusetts,republican,34.0,32.0,58.0,33.0,19.0,a debate,LIAR,0.0,0.0,0.0
8856.json,half-true,Says Marshawn Lynch is second all-time in terms of average yards per rush only to Terrell Davis.,sports,joel-klatt,,,none,0.0,0.0,1.0,0.0,0.0,a Fox Sports panel about Super Bowl XLVIII,LIAR,0.0,0.0,0.0
11876.json,false,Says some Planned Parenthood chapters have been selling the body parts of aborted fetuses for profit.,"abortion,crime",john-obannon,State delegate,Virginia,republican,0.0,1.0,0.0,0.0,0.0,a constituent survey,LIAR,0.0,0.0,0.4404
9490.json,false,The U.N. Arms Treatyinfringes upon our right to keep and bear arms.,guns,monica-wehby,Pediatric neurosurgeon,Oregon,republican,0.0,3.0,0.0,0.0,0.0,a campaign website statement,LIAR,0.0,0.0,0.0
13222.json,false,"If you give guns to gangs, you can get out of jail free, if (Californias Proposition 57) passes. If you do a drive-by shooting, you can get out of jail free, if Proposition 57 passes. If you discharge guns on a school yard, you can get out of jail free.","crime,criminal-justice",loretta-sanchez,member of Congress,California,democrat,0.0,1.0,1.0,0.0,1.0,a U.S. Senate campaign debate.,LIAR,0.0,0.0,0.872
7866.json,true,Nearly 6 out of 10 believe that money and wealth should be more evenly distributed among a larger percentage of the people in the U.S.,"economy,income",bernie-s,U.S. Senator,Vermont,independent,18.0,12.0,22.0,41.0,0.0,a tweet,LIAR,0.0,0.0,0.4939
11130.json,false,"Says his political opponents brought 100,000 protesters into our state.","government-regulation,job-accomplishments,labor,state-budget,unions,workers",scott-walker,Milwaukee County Executive,Wisconsin,republican,26.0,41.0,32.0,40.0,11.0,an interview,LIAR,0.0,0.0,-0.2263
8537.json,true,Things went wrong with the Medicare prescription D plan that George Bush rolled out.,"health-care,medicare,retirement,technology",steve-israel,U.S. Representative,New York,democrat,0.0,0.0,0.0,0.0,0.0,an interview on MSNBC,LIAR,0.0,0.0,-0.4767
6822.json,half-true,Says Austin voters can approve seven bond propositions without raising taxes.,"elections,taxes",lee-leffingwell,Austin mayor,Texas,democrat,1.0,0.0,4.0,1.0,0.0,a UNITY PAC press release.,LIAR,0.0,0.0,0.0
12827.json,half-true,Barack Obama ended up getting re-elected by the largest gender gap in the history of American elections.,"elections,polls",cecile-richards,"president, Planned Parenthood Federation of America",New York,democrat,0.0,0.0,2.0,2.0,0.0,remarks to the Texas delegation at the Democratic National Convention as webcast by the Texas Tribun,LIAR,0.0,0.0,0.0
4423.json,mostly-true,"Mike Trainor...still owes $250,000 to the state.","bankruptcy,economy,legal-issues",vincent-buddy-cianci,,Rhode Island,independent,0.0,2.0,1.0,2.0,1.0,a talk show discussion,LIAR,0.0,0.0,0.0
5103.json,barely-true,"Says that after she declared her candidacy for Congress, the redistricting process was manipulated to allow incumbent politicians to guarantee their re-election.","elections,redistricting",nina-turner,State senator,Ohio,democrat,1.0,0.0,0.0,0.0,0.0,a news release,LIAR,0.0,0.0,0.0772
5662.json,barely-true,Says she created the first felony deferred prosecution program for nonviolent first-offenders in Texas.,"county-government,crime,criminal-justice,legal-issues,public-safety",rosemary-lehmberg,Travis County district attorney,Texas,democrat,1.0,0.0,0.0,0.0,0.0,campaign video,LIAR,0.0,0.0,-0.6908
6997.json,mostly-true,"As governor, I cut $5 billion in spending.","job-accomplishments,message-machine-2012,state-budget,state-finances",tim-kaine,U.S. Senator,Virginia,democrat,8.0,3.0,15.0,15.0,0.0,a TV ad.,LIAR,0.0,0.0,-0.2732
9164.json,barely-true,Seniors enrolled in Medicare Advantage are going to see an average premium increase between $50 and $90 per month.,"health-care,medicare",rick-scott,Governor,Florida,republican,28.0,23.0,38.0,34.0,7.0,"in an ""El Nuevo Herald"" editorial",LIAR,0.0,0.0,0.5106
7848.json,half-true,"Since Gina Raimondo took office, investment fees on the states pension portfolio have gone up from about $12 million annually to about $50 million.","candidates-biography,economy,pensions,retirement,state-finances,wealth,workers",frank-caprio,R.I. General Treasurer,Rhode Island,democrat,0.0,0.0,4.0,0.0,0.0,"an appearance on ""10 News Conference""",LIAR,0.0,0.0,0.0
10499.json,half-true,Hispanic students in Florida perform the best of any Hispanic population in the United States.,"diversity,education",jeb-bush,,Florida,republican,17.0,5.0,17.0,24.0,2.0,a speech in Detroit,LIAR,0.0,0.0,0.7906
4823.json,barely-true,Says the Simpson-Bowles deficit reduction proposal urged raising $2 trillion in new revenue.,"federal-budget,taxes",john-kerry,Secretary of State,Massachusetts,democrat,3.0,2.0,2.0,5.0,0.0,"an interview on NBC's ""Meet the Press""",LIAR,0.0,0.0,-0.4019
8742.json,mostly-true,Federal law requires residents to participate in the U.S. governments American Community Survey.,"census,economy,housing,population",us-census-bureau,Government agency,Maryland,none,0.0,0.0,0.0,1.0,0.0,a mailing to Austin's Bob Cole,LIAR,0.0,0.0,0.0
7709.json,false,Says Every legislative district in the state has at least one craft brewery and countless home brewers.,"Alcohol,economy",mark-johnson,,,republican,0.0,1.0,0.0,0.0,0.0,a floor speech,LIAR,0.0,0.0,0.0
13284.json,barely-true,"During his 18-year Senate career, (Russ Feingold) supported judges who voted to deny your individual Second Amendment right. (He) promises to protect those rights, but thats not what his record shows.",guns,ron-johnson,,Wisconsin,republican,14.0,6.0,10.0,10.0,1.0,a TV ad,LIAR,0.0,0.0,0.3716
12590.json,barely-true,"Hillary Clinton surged the trade deficit with China 40% as Secretary of State, costing Americans millions of jobs.","economy,foreign-policy,jobs,trade",donald-trump,President-Elect,New York,republican,63.0,114.0,51.0,37.0,61.0,a tweet,LIAR,0.15,0.0,-0.4019
7497.json,half-true,The Legislature needs to spend $500 million to shore up the pension fund this year and the next 28 years to keep it afloat.,pensions,will-weatherford,State Representative,Florida,republican,2.0,3.0,4.0,3.0,0.0,remarks on first day of session,LIAR,0.0,0.0,0.0
11667.json,barely-true,Says 25 percent of U.S. Muslims agreed that violence against Americans here in the United States is justified as a part of the global jihad.,"islam,polls,religion,terrorism",donald-trump,President-Elect,New York,republican,63.0,114.0,51.0,37.0,61.0,a campaign statement,LIAR,0.0,0.0,0.3612
13224.json,barely-true,Says Hillary Clinton viciously attacked women abused by Bill Clinton.,"history,women",donald-trump,President-Elect,New York,republican,63.0,114.0,51.0,37.0,61.0,the second presidential debate,LIAR,0.0,0.0,-0.8225
11402.json,pants-fire,Says Donald Trumps Make America Great Againhats were made in China.,china,tweets,,,none,2.0,3.0,1.0,2.0,3.0,tweets,LIAR,0.0,0.0,0.6249
12890.json,barely-true,Says Hillary Clintons plan would tax many small businesses by almost 50 percent.,"economy,small-business,taxes,wealth",donald-trump,President-Elect,New York,republican,63.0,114.0,51.0,37.0,61.0,a speech,LIAR,0.0,0.0,0.0
1136.json,half-true,The health care reform plan being proposed in Congress would mean big tax increases.,health-care,us-chamber-commerce,,,none,6.0,3.0,3.0,1.0,1.0,a TV ad,LIAR,0.0,0.0,0.4939
7960.json,half-true,Not one tax has been raised since Ive been governor.,taxes,chris-christie,Governor of New Jersey,New Jersey,republican,10.0,17.0,27.0,19.0,8.0,"an interview on the ""Ask The Governor"" monthly radio call-in program",LIAR,0.0,0.0,0.0
5380.json,mostly-true,"Says in his years as a Texas legislator, we passed three pay increases for teachers and provided them with health insurance.",education,paul-sadler,Lawyer,Texas,democrat,1.0,0.0,1.0,2.0,1.0,a post on his campaign's Facebook page,LIAR,0.0,0.0,-0.1027
3225.json,false,The most significant driver of out-migration [from Rhode Island] is the estate tax.,"economy,state-budget,states,taxes",ocean-state-policy-research-institute,,Rhode Island,organization,0.0,2.0,0.0,0.0,1.0,a report,LIAR,0.0,0.0,0.2716
9171.json,false,A North Carolina study proves that probably over a million people voted twice in (the 2012) election.,elections,dick-morris,,,none,0.0,2.0,0.0,0.0,0.0,"in a broadcast of Fox News' ""Hannity""",LIAR,0.0,0.0,0.0
11202.json,mostly-true,The rate in which people are working (in Wisconsin) is almost five points higher than it is nationally.,"jobs,labor,states",scott-walker,Milwaukee County Executive,Wisconsin,republican,26.0,41.0,32.0,40.0,11.0,a debate,LIAR,0.0,0.0,0.0
3781.json,half-true,"We bring in enough tax revenue to service our debt, pay for Medicare and Medicaid and Social Security, and then still have about $300 (billion) or $400 billion left over.","deficit,federal-budget,medicare,social-security,taxes,colbert-report",amy-kremer,"Chair, Tea Party Express",Georgia,tea-party-member,0.0,1.0,1.0,0.0,0.0,"an interview on ""The Colbert Report""",LIAR,0.0,0.0,-0.128
5402.json,mostly-true,"The governor is trying to take credit for recent actions taken by these companies. The problem is that for all three companies, the decision to move or stay in New Jersey happened before Chris Christie became governor.",corporations,new-jersey-senate-democrats,State Senators,New Jersey,democrat,0.0,0.0,0.0,1.0,0.0,a press release,LIAR,0.0,0.0,-0.0258
11614.json,half-true,It costs a hell of a lot more money to put somebody in jail than send them to the University of Virginia.,"criminal-justice,education",bernie-s,U.S. Senator,Vermont,independent,18.0,12.0,22.0,41.0,0.0,a speech.,LIAR,0.0,0.0,-0.6808
2588.json,mostly-true,"One man (New Castle, Del., County Executive, Chris Coons) thought property taxes should be hiked almost 50 percent.","message-machine,taxes",christine-odonnell,Candidate for U.S. Senate,Delaware,republican,1.0,0.0,0.0,1.0,2.0,a campaign video,LIAR,0.0,0.0,0.0
2220.json,pants-fire,"Phoenix, Ariz., is the No. 2 kidnapping capital of the world.",immigration,courtney-combs,State representative,Ohio,republican,0.0,0.0,0.0,0.0,1.0,an appearance at the Cleveland City Club,LIAR,0.0,0.0,0.0
6710.json,false,David Cicilline is the 5th most liberal person in the House of Representatives.,"candidates-biography,job-accomplishments",bernard-jackvony,attorney,Rhode Island,republican,1.0,1.0,0.0,0.0,0.0,"an appearance on ""A Lively Experiment.""",LIAR,0.0,0.0,0.0
6009.json,true,The U.S. is borrowing approximately $2.52 for every $1 of economic growth so far in 2012.,"deficit,economy",rodney-frelinghuysen,,,republican,1.0,0.0,0.0,1.0,0.0,an e-mail newsletter,LIAR,0.0,0.0,0.3818
7798.json,barely-true,The IRS will have the ability potentially to deny or delay health care.,"health-care,taxes",michele-bachmann,Congresswoman,Minnesota,republican,8.0,22.0,6.0,4.0,16.0,"an interview on Fox News' ""On the Record"" with Greta Van Susteren",LIAR,0.05,0.0,0.2023
1435.json,true,We cut taxes for 95 percent of working families.,"economy,stimulus,taxes,workers",barack-obama,President,Illinois,democrat,70.0,71.0,160.0,163.0,9.0,a State of the Union speech,LIAR,0.0,0.0,-0.2732
13201.json,half-true,Says Hillary Clinton went toe-to-toe with Russia as secretary of state to do the New START agreement to reduce Russias nuclear stockpile.,"candidates-biography,foreign-policy,nuclear",tim-kaine,U.S. Senator,Virginia,democrat,8.0,3.0,15.0,15.0,0.0,"the vice presidential debate in Farmville, Va.",LIAR,0.2,0.0,0.4939
8080.json,false,We have no idea what is contained in [electronic cigarette] vapor.,"children,consumer-safety,government-regulation,legal-issues,public-health",teresa-tanzi,State representative,Rhode Island,democrat,0.0,1.0,0.0,0.0,0.0,a House debate,LIAR,0.0,0.0,-0.296
6430.json,barely-true,Bill Nelsons vote for the Affordable Care Act cuts $500 billion from Medicare to pay for new government programs.,"federal-budget,medicare,message-machine-2012",american-commitment,,,none,2.0,1.0,0.0,0.0,1.0,a TV ad,LIAR,0.0,0.0,0.1531
4481.json,true,Says Rick Perry provided in-state tuition... for illegal immigrants.,"education,immigration",rick-santorum,,Pennsylvania,republican,12.0,16.0,13.0,7.0,5.0,"a Republican presidential debate in Tampa, Florida.",LIAR,0.0,0.0,-0.5574
391.json,mostly-true,We've won twice as many states. We've won a greater share of the popular vote.,elections,barack-obama,President,Illinois,democrat,70.0,71.0,160.0,163.0,9.0,an interview on the Today Show.,LIAR,0.0,0.0,0.9313
1146.json,barely-true,"Its costing every American who is insured $1,100 to pick up the cost of uncompensated care that goes on at the emergency room.",health-care,barbara-boxer,U.S. Senator,California,democrat,2.0,0.0,3.0,4.0,1.0,an interview with Rachel Maddow,LIAR,0.0,0.0,0.1531
924.json,false,There are no earmarks in the stimulus bill.,"economy,stimulus",robert-gibbs,Former White House Press Secretary,,democrat,1.0,1.0,0.0,1.0,0.0,a comment at the daily White House press briefing.,LIAR,0.0,0.0,-0.296
6208.json,barely-true,The Wisconsin Retirement System for public employees is a self-funded pension plan and its the money of the workers that funds it.,"pensions,state-budget,state-finances,states",afscme,,,none,3.0,1.0,2.0,3.0,0.0,a radio appearance,LIAR,0.0,0.0,0.0
9005.json,barely-true,"With his proposal to cut income and property taxes, Scott Walker is increasing the state deficit at a time when borrowing is already at record levels.","debt,deficit,income,state-budget,state-finances,taxes",we-are-wisconsin,,Wisconsin,organization,1.0,1.0,1.0,0.0,0.0,an email,LIAR,0.0,0.0,-0.5859
9720.json,half-true,25 percent of all drug-related fatal vehicle accidents in the U.S. involve marijuana.,"drugs,health-care",dont-let-florida-go-pot,,,organization,0.0,0.0,2.0,1.0,0.0,on their website,LIAR,0.0,0.0,-0.7003
5332.json,barely-true,Says Gov. Bob McDonnells budget would cut pre-kindergarten programs.,"education,state-budget",george-barker,State senator,Virginia,democrat,1.0,0.0,0.0,0.0,0.0,a speech.,LIAR,0.0,0.0,-0.2732
12163.json,mostly-true,Youth unemployment in minority communities is about 40 to 45 percent.,"diversity,economy,jobs",peter-kinder,Lieutenant governor,Missouri,republican,0.0,0.0,0.0,1.0,1.0,a gubernatorial debate,LIAR,0.0,0.0,-0.4404
12540.json,half-true,There are 500 failing schools in North Carolina,"children,education,poverty",americans-prosperity-north-carolina-chapter,,,organization,0.0,0.0,1.0,0.0,0.0,an official statement,LIAR,0.0,0.0,-0.5106
7119.json,true,Says Delta Air Lines has once again broken a promise they made to me and to the people of Memphis.,"government-regulation,market-regulation",steve-cohen,U.S. Representative,Tennessee,democrat,0.0,0.0,1.0,0.0,1.0,a press release.,LIAR,0.0,0.0,-0.2023
9045.json,barely-true,Says Ronald Reagan got the Saudis to flood the market with cheap oil.,"energy,foreign-policy,history",michael-reagan,,,republican,1.0,0.0,0.0,0.0,0.0,an op-ed on Townhall.com,LIAR,0.0,0.0,0.0
5279.json,true,"Today, for the first time in fifteen years, Master Locks unionized plant in Milwaukee is running at full capacity.","jobs,trade",barack-obama,President,Illinois,democrat,70.0,71.0,160.0,163.0,9.0,the State of the Union speech,LIAR,0.0,0.0,0.0
11916.json,mostly-true,"When Jeb (Bush) was governor, his first four years as governor, his Medicaid program grew twice as fast as mine.","health-care,state-budget",john-kasich,"Governor of Ohio as of Jan. 10, 2011",Ohio,republican,9.0,8.0,10.0,18.0,3.0,"the Republican debate in Charleston, S.C.",LIAR,0.0,0.0,0.0
11556.json,barely-true,"Says Hillary Clinton told her daughter and a government official that Benghazi was a terrorist attack, and then tells everybody else that it was a video.","foreign-policy,terrorism",ben-carson,,,republican,7.0,12.0,3.0,2.0,4.0,the Fox Business Network debate,LIAR,0.0,0.0,-0.8316
12255.json,true,"Says Republican presidential candidate and Gov. John Kasich has spent 177 days out of state and used $350,000 in taxpayer money on his costly campaign.","campaign-finance,state-finances,taxes",ohio-democratic-party,,Ohio,democrat,4.0,1.0,2.0,2.0,2.0,a Facebook post,LIAR,0.0,0.0,-0.1027
6134.json,half-true,"70 percent of the people who voted on June 5, 2012, just didnt feel comfortable with the recall of the governor, weakening any idea that Wisconsin is fully behind this Walker agenda.","elections,polls,voting-record",peter-barca,State Representative,Wisconsin,democrat,0.0,2.0,2.0,3.0,1.0,a speech,LIAR,0.0,0.0,-0.6126
2019.json,true,We spend three times more on entitlements and debt services than we do on defense.,"federal-budget,social-security",sarah-palin,,Alaska,republican,9.0,19.0,9.0,6.0,6.0,a Facebook posting,LIAR,0.0,0.0,-0.25
2410.json,false,About $4.89 billion in one-time money was used to balance the current state general revenue fund budget.,state-budget,ted-strickland,Former Ohio governor,Ohio,democrat,2.0,6.0,7.0,4.0,1.0,a posting to the state's Office of Management and Budget website,LIAR,0.0,0.0,0.0
8079.json,half-true,President Barack Obama has announced that he would not sign ANY spending bills this year unless sequestration spending cuts are eliminated.,"congressional-rules,federal-budget",john-boehner,Speaker of the House of Representatives,Ohio,republican,13.0,22.0,11.0,4.0,2.0,a blog post,LIAR,0.05,0.0,-0.296
1903.json,mostly-true,"While Exxon Mobil has 40 pages on its media response strategy, its plan for resource protection is only five pages long and its plan for oil removal is just nine pages long.","energy,environment,oil-spill",bart-stupak,member of Congress,Michigan,democrat,0.0,1.0,0.0,1.0,0.0,a Congressional hearing,LIAR,0.0,0.0,0.0
12937.json,barely-true,"Medical-grade marijuana alonewill not get that patient high, no matter what level of THC, CBD or any other compound is found in the plant.","marijuana,public-health",united-care,,,organization,1.0,0.0,0.0,1.0,0.0,a newspaper op-ed,LIAR,0.1,0.0,-0.0191
6438.json,false,"Says Tommy Thompson favors Obamas health care mandate, was publicly thanked by Obama for health reform support and that Thompson says we cant repeal Obamacare.","health-care,message-machine-2012,public-health",eric-hovde,,,republican,2.0,3.0,3.0,0.0,0.0,a radio ad,LIAR,0.0,0.0,0.8689
3843.json,true,It is a greater crime to have an untagged alligator than to host an open house party (for kids).,"Alcohol,animals,children,crime",kathleen-passidomo,state representative,Florida,republican,0.0,0.0,0.0,0.0,0.0,a newspaper article,LIAR,0.0,0.0,0.1779
9832.json,half-true,Cory Gardner is sponsoring a bill to ban all abortions right now.,"abortion,message-machine-2014,women",democratic-senatorial-campaign-committee,,,democrat,1.0,2.0,3.0,1.0,0.0,a campaign ad,LIAR,0.0,0.0,-0.5574
7821.json,barely-true,Says only 25 percent of Texas high school students graduate prepared for college or careers.,education,bill-hammond,"CEO, president, Texas Association of Business & Chambers of Commerce",Texas,republican,1.0,0.0,0.0,1.0,0.0,an Austin American-Statesman news story,LIAR,0.0,0.0,0.2263
4456.json,half-true,"Under President Barack Obamas jobs bill, states would no longer have to lay off teachers, firefighters and police officers.",jobs,david-scott,Congressman ,Georgia,democrat,0.0,0.0,2.0,1.0,0.0,a WABE-FM (90.1) radio interview,LIAR,0.0,0.0,-0.296
11059.json,false,We dont have a (military) reserve force if something happens.,"immigration,military",joe-theismann,,Virginia,none,0.0,1.0,0.0,0.0,0.0,"a discussion on ""Outnumbered""",LIAR,0.0,0.0,0.0
2943.json,true,"In 2007, the top 1 percent of all income earners in the United States made 23.5 percent of all income, which is more than the entire bottom 50 percent.","economy,poverty,workers",bernie-s,U.S. Senator,Vermont,independent,18.0,12.0,22.0,41.0,0.0,a Senate floor speech,LIAR,0.0,0.0,0.5574
2058.json,false,Phoenix is the kidnapping capital of the Western Hemisphere.,"crime,immigration",helen-glover,"talk show host, WHJJ",Rhode Island,talk-show-host,1.0,1.0,0.0,0.0,0.0,a comment on her talk show,LIAR,0.0,0.0,0.0
7747.json,barely-true,Pentagon confirms they may court martial soldiers who hold Christian faith.,"military,religion",blog-posting,,,none,7.0,19.0,3.0,5.0,44.0,Web posts,LIAR,0.0,0.0,0.4215
10483.json,half-true,"Scott Walker to cut $300 million from universities, spend $500 million on a pro basketball stadium.","education,sports,state-budget,taxes",tweets,,,none,2.0,3.0,1.0,2.0,3.0,Twitter posts,LIAR,0.0,0.0,-0.2732
5398.json,true,Florida ranks 45th in the nation for tuition.,"education,state-budget",denise-grimsley,state representative,Florida,republican,0.0,0.0,0.0,0.0,0.0,a statement,LIAR,0.0,0.0,0.0
8752.json,mostly-true,Nine out of the 10 poorest states are Red states.,"corrections-and-updates,economy,elections,income,poverty,wealth",occupy-democrats,,,organization,0.0,4.0,3.0,1.0,4.0,a Facebook post,LIAR,0.0,0.0,-0.5423
2781.json,false,Anybody who is familiar with the historical data from the IRS knows that raising income tax rates will likely actually reduce federal revenues.,"taxes,abc-news-week",mike-pence,Governor,Indiana,republican,8.0,10.0,12.0,5.0,0.0,"an interview on ""This Week with Christiane Amanpour.""",LIAR,0.05,0.0,0.0
12744.json,mostly-true,"While Hillary Clinton plans a massive, and I mean massive, tax increase, I have proposed the largest tax reduction of any candidate who has run for president this year, Democrat or Republican.",taxes,donald-trump,President-Elect,New York,republican,63.0,114.0,51.0,37.0,61.0,his acceptance speech at the Republican Natiional Convention in Cleveland,LIAR,0.0,0.0,0.3182
6224.json,half-true,"Says cuts by Gov. Rick Perrys administration left 12,000 teachers without a job.","education,state-budget",julian-castro,"Mayor, San Antonio",Texas,democrat,0.0,0.0,3.0,3.0,0.0,his speech at the Texas Democratic Party State Convention in Houston,LIAR,0.0,0.0,-0.296
4817.json,false,Says unemployment in Ohio is significantly higher than the unemployment rate in states which are not forced union states and its always been that way.,"economy,labor,unions",maurice-thompson,Executive director of the 1851 Center for Constitutional Law,Ohio,none,0.0,1.0,0.0,0.0,0.0,a news conference,LIAR,0.0,0.0,-0.5139
443.json,half-true,Obama voted for the Bush-Cheney energy bill that put $6-billion in the pocket of big oil.,energy,hillary-clinton,Presidential candidate,New York,democrat,40.0,29.0,69.0,76.0,7.0,a TV ad airing in Pennsylvania.,LIAR,0.0,0.0,0.2732
8778.json,true,"For the first time in nearly two decades, we produce more oil here in the United States than we buy from the rest of the world.","economy,energy,trade",barack-obama,President,Illinois,democrat,70.0,71.0,160.0,163.0,9.0,a speech at North Carolina State University,LIAR,0.0,0.0,0.4215
6343.json,barely-true,Says Romney had the uniforms for the 2002 Winter Olympic games made in Burma.,"candidates-biography,foreign-policy,message-machine-2012,sports",priorities-usa-action,,,democrat,3.0,1.0,4.0,2.0,1.0,a video shown on cable news shows,LIAR,0.0,0.0,0.0
3127.json,half-true,Says required state septic inspections would cost septic tank owners $100 to $150 every five years.,environment,dennis-jones,State Senator,Florida,republican,0.0,0.0,1.0,0.0,0.0,a state Senate committee hearing.,LIAR,0.0,0.0,0.0
7029.json,pants-fire,Says Barack Obama sold Chrysler to Italians who are going to build Jeeps in China at the cost of American jobs.,"china,jobs,message-machine-2012,workers",mitt-romney,Former governor,Massachusetts,republican,34.0,32.0,58.0,33.0,19.0,a television ad,LIAR,0.0,0.0,0.0
3327.json,half-true,Says signs posted at projects funded by the federal stimulus act has cost 20 or 40 million dollars.,"deficit,federal-budget,stimulus",jim-renacci,U.S. representative ,Ohio,republican,5.0,3.0,4.0,1.0,1.0,a radio interview ,LIAR,0.0,0.0,0.0
13294.json,half-true,Colorado saw increased incidents of emergency room visits by young people and increased incidents of driving while under the influence of marijuana following the legalization of recreational pot.,"marijuana,public-health,transportation",scott-jones,Sacramento County Sheriff,California,republican,0.0,1.0,1.0,0.0,0.0,a U.S. Congressional campaign debate,LIAR,0.0,0.0,0.1531
10748.json,barely-true,Women make only 78 percent of what men make for the same job.,"income,jobs,labor,women,workers",viral-buzzfeed,video,Georgia,none,1.0,0.0,0.0,0.0,0.0,video,LIAR,0.0,0.0,0.0
10613.json,barely-true,"Says that Susan Rice, the presidents national security adviser, has already conceded that Iran will have a robust uranium enrichment capability.","foreign-policy,military,nuclear",tom-cotton,U.S. House of Representatives,Arkansas,republican,3.0,4.0,2.0,3.0,1.0,an interview on Fox News,LIAR,0.0,0.0,0.5859
11155.json,half-true,"Since I took office, Wisconsin now has the 2nd highest health care quality ranking in the country.","health-care,job-accomplishments",scott-walker,Milwaukee County Executive,Wisconsin,republican,26.0,41.0,32.0,40.0,11.0,a statement on Twitter,LIAR,0.0,0.0,0.4939
8784.json,false,"San Antonio has seen 67% growth in water customers in the last 25 years, 0% more water used.","city-budget,city-government,water",robert-puente,"CEO, San Antonio Water System",Texas,democrat,0.0,1.0,0.0,0.0,0.0,a Texas Tribune Festival panel discussion,LIAR,0.0,0.0,0.3818
8270.json,half-true,Newark is now home to one-third of all commercial and multi-family development.,"corrections-and-updates,housing",cory-booker,U.S. senator,New Jersey,democrat,0.0,4.0,2.0,8.0,0.0,an e-mailed campaign letter,LIAR,0.0,0.0,0.0
5322.json,barely-true,"Three years ago, a newly elected President Obama told America that if Congress approved his plan to borrow nearly a trillion dollars, he would hold unemployment below 8 percent.",stimulus,mitt-romney,Former governor,Massachusetts,republican,34.0,32.0,58.0,33.0,19.0,"a victory speech in Las Vegas on Feb. 4, 2012",LIAR,0.0,0.0,-0.0258
6270.json,true,"Says if labor force participation rate were the same as when Barack Obama became president, unemployment would be 11 percent.","economy,jobs",paul-ryan,U.S. Representative,Wisconsin,republican,19.0,6.0,16.0,14.0,2.0,his keynote address at the Republican Party of Texas convention,LIAR,0.0,0.0,-0.4404
12524.json,mostly-true,"In America, radical speech is not a crime.","legal-issues,terrorism",marco-rubio,U.S. Senator,Florida,republican,33.0,24.0,32.0,35.0,5.0,an interview with Hugh Hewitt,LIAR,0.0,0.0,0.431
13095.json,false,Says eight Americans died in a knife attack at a Minnesota mall.,"guns,terrorism",tom-tancredo,U.S. representative,Colorado,republican,2.0,4.0,1.0,1.0,0.0,a fundraising email ,LIAR,0.0,0.0,-0.7717
7793.json,mostly-true,Says paid family leave is a program that is standard in all but five nations around the world.,"children,families,labor,women,workers",family-forward-oregon,,,organization,0.0,0.0,0.0,1.0,0.0,a flier,LIAR,0.0,0.0,-0.0258
6088.json,barely-true,"Says Robert Menendez is the king of raising money from Wall Street, over a million dollars, one of the leaders in the United States Senate. I havent raised any Wall Street money at all.","campaign-finance,message-machine-2012",joseph-kyrillos,State Senator,New Jersey,republican,3.0,3.0,2.0,2.0,1.0,an interview on NJToday,LIAR,0.0,0.0,0.4215
5590.json,false,Says the No. 2 cause of death in the U.S. (for) women under 50 is being killed by their spouse or domestic partner.,"crime,families,women",rod-monroe,State Senator,Oregon,democrat,0.0,2.0,0.0,0.0,0.0,a floor speech.,LIAR,0.0,0.0,-0.8555
4540.json,false,"When he took office in 2009, President Barack Obama had the biggest Democratic majorities in Congress since Lyndon Johnson.",history,haley-barbour,Governor,Mississippi,republican,1.0,1.0,0.0,0.0,0.0,"an interview on CBS' ""Face the Nation""",LIAR,0.0,0.0,0.0
8829.json,true,"The extra point is almost automatic. (The NFL) had five missed extra points this year out of 1,200 some odd attempts.",sports,roger-goodell,NFL commissioner,,none,0.0,0.0,0.0,1.0,0.0,an interview on NFL.com,LIAR,0.05,0.0,-0.5423
11091.json,barely-true,"A law was passed, apparently in the Clinton administration, about whether, in recruiting offices Marines or other military should be able to have guns. Apparently it is prohibited.","guns,military",jeb-bush,,Florida,republican,17.0,5.0,17.0,24.0,2.0,"a town hall in Carson City, Nevada",LIAR,0.0,0.0,0.0
6340.json,barely-true,Says PolitiFact validated and independently documented its criminal history claims about Adan Ballesteros.,"candidates-biography,crime,criminal-justice",texans-accountable-government,,,none,1.0,0.0,0.0,0.0,0.0,an email blast.,LIAR,0.0,0.0,-0.3612
6348.json,false,FCAT tests account for less than 1 percent of the instructional time provided during the year.,"children,corrections-and-updates,education",gerard-robinson,Florida Department of Education Commissioner,Florida,republican,0.0,1.0,0.0,0.0,0.0,a written statement,LIAR,0.05,0.0,0.0
3387.json,barely-true,Says Florida Gov. Rick Scotts cuts to education are the same as his proposedcorporate income tax rate reduction.,"education,state-budget,taxes",alan-grayson,U.S. House of Representatives,Florida,democrat,6.0,5.0,4.0,11.0,1.0,comments on MSNBC.,LIAR,0.0,0.0,-0.296
12938.json,mostly-true,"We admit about 100,000 permanent immigrants from the Middle East every year.",immigration,donald-trump,President-Elect,New York,republican,63.0,114.0,51.0,37.0,61.0,"a speech in Youngstown, Ohio",LIAR,0.0,0.0,0.2023
3329.json,barely-true,The stimulus bill promised to keep unemployment under 8%.,"economy,jobs,stimulus",george-allen,consultant,Virginia,republican,2.0,8.0,3.0,4.0,1.0,a press release.,LIAR,0.0,0.0,-0.1027
5722.json,pants-fire,The 2011 Legislature did not cut Texas public school funding.,"education,state-budget,state-finances",susan-combs,State comptroller,Texas,republican,0.0,1.0,0.0,0.0,1.0,a public appearance.,LIAR,0.0,0.0,0.2057
2156.json,false,Theres nothing in the voting instructions that weve been getting in the last several elections that lets you know about the limitations of the master lever.,elections,catherine-taylor,business owner,Rhode Island,republican,0.0,1.0,0.0,0.0,0.0,an appearance on the Helen Glover Show,LIAR,0.0,0.0,0.0
3809.json,barely-true,The (health reform) legislation which Washington passed last year has made it more difficult to hire because its increased costs for employers.,"economy,health-care",rob-portman,U.S. senator from Ohio,Ohio,republican,3.0,5.0,11.0,11.0,1.0,a press availability following a policy luncheon,LIAR,0.0,0.0,-0.1761
13220.json,barely-true,Says Will Hurd said a border-long U.S.-Mexico wall absolutely makes sense.,"homeland-security,immigration",pete-gallego,Former legislator and U.S. House member,Texas,democrat,1.0,1.0,2.0,2.0,0.0,a TV ad pointed out to PolitiFact Texas,LIAR,0.0,0.0,0.0
13312.json,false,Says Hillary Clinton is wrong to say he mocked a disabled reporter.,"candidates-biography,disability",donald-trump,President-Elect,New York,republican,63.0,114.0,51.0,37.0,61.0,the third presidential debate in Las Vegas,LIAR,0.0,0.0,-0.6597
3683.json,false,"Says the Internal Revenue Service estimated it must hire 16,500 agents at a cost of $10 billion to the taxpayer to enforce the federal health care overhaul.","health-care,taxes",saxby-chambliss,U.S. Senator,Georgia,republican,1.0,1.0,3.0,4.0,1.0,a letter to a constituent,LIAR,0.0,0.0,0.4939
13191.json,barely-true,Donald Trump would engage in a risky scheme to privatize Social Security.,social-security,tim-kaine,U.S. Senator,Virginia,democrat,8.0,3.0,15.0,15.0,0.0,the 2016 vice presidential debate,LIAR,0.0,0.0,0.4588
3672.json,half-true,"Rep. Paul Ryans Medicare plan lines the pockets of the private insurance companies, increases costs for seniors and does not reduce the deficit.","deficit,federal-budget,medicare,taxes",gerry-connolly,U.S. Representative,Virginia,democrat,1.0,0.0,4.0,1.0,0.0,a press release.,LIAR,0.0,0.0,0.3089
13116.json,mostly-true,"Welcome to #Houston, the most #diverse city in #America.","census,city-government,population",sylvester-turner,Attorney,Texas,democrat,0.0,2.0,0.0,2.0,0.0,a tweet announcing new display signage at airports and Houston's City Hall,LIAR,0.0,0.0,0.4588
1887.json,true,"Georgia has ""a dropout rate thats higher"" than Alabama's.","education,message-machine",john-oxendine,,Georgia,republican,0.0,0.0,2.0,0.0,0.0,a campaign video on his website,LIAR,0.0,0.0,0.0
10342.json,true,The President has decided to move forward with executive actions on immigration that he has said on numerous occasions that he didnt have the constitutional power to take.,immigration,bob-goodlatte,U.S. Congressman,Virginia,republican,0.0,1.0,4.0,3.0,0.0,a news release.,LIAR,0.0,0.0,0.0
1142.json,false,There's no rationing in any of these bills.,"health-care,abc-news-week",howard-dean,Democratic National Committee chairman,Vermont,democrat,1.0,4.0,1.0,2.0,0.0,"an appearance on ABC's ""This Week""",LIAR,0.0,0.0,-0.296
5476.json,mostly-true,"[E]mployment in Gwinnett is up more than 3 percent over last year, and unemployment is the lowest of the five core metro counties.","economy,jobs",charlotte-nash,,Georgia,republican,1.0,0.0,1.0,2.0,0.0,a speech,LIAR,0.0,0.0,-0.6705
2292.json,true,(I) helped to invent a system that saved over a billion dollars on welfare.,"candidates-biography,economy,families,federal-budget,government-efficiency,poverty",kenneth-block,businessman,,republican,0.0,3.0,2.0,3.0,0.0,a TV and Internet commercial,LIAR,0.0,0.0,0.4215
7102.json,false,More Tennesseans have hunting and fishing licenses than vote.,"elections,recreation",lamar-alexander,,,republican,1.0,2.0,2.0,0.0,0.0,in a news release announcing support for the Sportsmen's bill.,LIAR,0.0,0.0,0.0
2712.json,half-true,"Many of the companies bankrolling the ad campaign against Amendment 4 are recipients of a congressional bailout, in the form of humongous tax refunds earlier this year.","florida,florida-amendments",chain-email,,,none,11.0,43.0,8.0,5.0,105.0,a chain e-mail,LIAR,0.0,0.0,-0.1027
2054.json,half-true,Secretary of State A. Ralph Mollis wrongly takes credit for small-business program,"candidates-biography,small-business",leonidas-raptakis,State Senator,Rhode Island,democrat,0.0,1.0,1.0,0.0,0.0, announcing his campaign for secretary of state,LIAR,0.15,0.0,0.3818
8070.json,half-true,"The federal Consumer Financial Protection Bureau is collecting financial information, monitoring financial information of millions of Americans without their knowledge and storing it for up to 10 years.","bankruptcy,financial-regulation,privacy",sean-duffy,Member of the U.S. House,Wisconsin,republican,5.0,1.0,6.0,1.0,2.0,an interview,LIAR,0.0,0.0,0.0
6227.json,mostly-true,The federal government has made investments in science and technology inventing the products that led to the creation of Google.,technology,barack-obama,President,Illinois,democrat,70.0,71.0,160.0,163.0,9.0,a speech,LIAR,0.0,0.0,0.2732
1579.json,mostly-true,"Sen. Kay Bailey Hutchison's ""concession speech came with less than 20 percent of the precincts having been counted.",elections,linda-curtis,"acting director, Independent Texans",Texas,independent,0.0,0.0,0.0,1.0,0.0,a Web post,LIAR,0.0,0.0,0.0
2666.json,pants-fire,Says John Kitzhaber wants a sales tax so people without jobs pay taxes.,"jobs,message-machine,taxes",chris-dudley,Financial adviser,Oregon,republican,0.0,0.0,1.0,1.0,1.0,a television ad,LIAR,0.0,0.0,0.0762
8705.json,barely-true,Most of the (Affordable Care Act) has already in some sense been waived or otherwise suspended.,health-care,george-will,Columnist,Maryland,columnist,7.0,6.0,3.0,5.0,1.0,"comments on ""Fox News Sunday""",LIAR,0.0,0.0,0.0258
10319.json,half-true,The home-mortgage deduction is widely thought to be a middle-class benefit. Its not -- 73 percent of it goes to people making a quarter-million dollars or more a year.,"housing,income,taxes",tom-coburn,U.S. Senator,Oklahoma,republican,2.0,3.0,3.0,2.0,0.0,an interview with CNN,LIAR,0.0,0.0,0.4588
7752.json,mostly-true,"Then-Gov. Carl Sanders put 56 percent of the state budget into education, a figure that has not been achieved since.","education,state-budget",zell-miller,,Georgia,none,0.0,1.0,0.0,2.0,0.0,an article,LIAR,0.0,0.0,0.0
3200.json,true,"If you tried to pay out $1 trillion by handing it out at $1 per second, it would take more than 31,000 years.",federal-budget,johnny-isakson,U.S. Senator,Georgia,republican,2.0,3.0,3.0,2.0,0.0,a speech,LIAR,0.0,0.0,-0.1027
4520.json,half-true,We have had over 40 days this summer where it was unsafe to breathe the air.,"environment,transportation",jennette-gayer,,,none,0.0,0.0,1.0,1.0,0.0,a meeting,LIAR,0.0,0.0,0.0
10587.json,barely-true,The governor must inform the Senate president about his or her absence from the state.,"government-efficiency,legal-issues",jennifer-horn,"Chairman, New Hampshire Republican Party",New Hampshire,republican,2.0,0.0,1.0,1.0,0.0,in a press release,LIAR,0.0,0.0,0.0
8460.json,mostly-true,Nearly 6 in 10 uninsured Americanscan get health insurance for what may be the equivalent of your cell phone bill.,health-care,barack-obama,President,Illinois,democrat,70.0,71.0,160.0,163.0,9.0,a public address,LIAR,0.0,0.0,0.0
3118.json,barely-true,The White House promised us that all the spending would keep unemployment under 8 percent.,"economy,stimulus",michele-bachmann,Congresswoman,Minnesota,republican,8.0,22.0,6.0,4.0,16.0,a response to the State of the Union,LIAR,0.0,0.0,-0.1027
5114.json,false,On the accuracy of state jobs numbers.,jobs,scott-walker,Milwaukee County Executive,Wisconsin,republican,26.0,41.0,32.0,40.0,11.0,a news release,LIAR,0.0,0.0,0.0
1802.json,half-true,"Elena Kagan has published five scholarly review articles, mostly on administrative law and the First Amendment. These articles were mostly on technical and procedural issues.","job-accomplishments,kagan-nomination,legal-issues,pundits,supreme-court",david-brooks,,,none,0.0,0.0,2.0,0.0,0.0,a column,LIAR,0.0,0.0,0.0
8188.json,true,Says U.S. Sen. Ron Johnson voted to let oil and gas companies emit unlimited carbon pollution into our air,"climate-change,energy,environment,transportation",league-conservation-voters,,,organization,0.0,0.0,0.0,1.0,0.0,a TV ad,LIAR,0.0,0.0,0.0
11171.json,barely-true,"On allowing abortion in cases of rape or incest, I have never said that or advocated that.",abortion,marco-rubio,U.S. Senator,Florida,republican,33.0,24.0,32.0,35.0,5.0,comments at a GOP debate in Cleveland,LIAR,0.0,0.0,-0.6908
4422.json,half-true,"When you look at what we have done over the last decade, we created 1 million jobs in the state of Texas. At the same time, (the rest of) America lost 2.5 million.","economy,job-accomplishments,jobs",rick-perry,Governor,Texas,republican,30.0,30.0,42.0,23.0,18.0,a Republican presidential debate.,LIAR,0.0,0.0,-0.0772
4783.json,false,"Under energy efficiency legislation sponsored by U.S. Sen. Jeanne Shaheen, federal bureaucrats could take over the local building code enforcement in your city if so-called green mandates are not complied with quickly enough.","energy,government-regulation,new-hampshire-2012",rick-perry,Governor,Texas,republican,30.0,30.0,42.0,23.0,18.0,"remarks at the Cornerstone Action Dinner in Manchester, N.H.",LIAR,0.0,0.0,0.5574
7033.json,half-true,Says Mitt Romneys plan makes catastrophic cuts to education.,"education,message-machine-2012",barack-obama,President,Illinois,democrat,70.0,71.0,160.0,163.0,9.0,a campaign ad,LIAR,0.0,0.0,-0.6597
5337.json,barely-true,"Statistics bear out that any time a country, a state, makes more restrictive abortion laws ... fatalities go up and abortions actually increase.","abortion,government-regulation,women",nickie-antonio,State representative,Ohio,democrat,1.0,0.0,0.0,0.0,0.0,a news conference,LIAR,0.0,0.0,-0.3818
8208.json,mostly-true,We are about halfway to the presidents goal to cut greenhouse gas emissions and about half of that is because of the substitution of natural gas for coal in the power sector.,"energy,environment",ernest-moniz,U.S. Secretary of Energy,Massachusetts,democrat,0.0,0.0,0.0,1.0,0.0,a question and answer session at Columbia University,LIAR,0.0,0.0,0.1027
13259.json,mostly-true,Says Colorado congressional candidate Morgan Carroll voted to allow welfare recipients to use your tax dollars at ATMs at strip clubs and pot dispensaries.,"marijuana,welfare",national-republican-congressional-committee,,,republican,18.0,9.0,8.0,5.0,8.0,a TV ad ,LIAR,0.0,0.0,0.2263
4789.json,barely-true,"(President Barack Obama gave) half a billion in taxpayer money to help his friends at Solyndra, a business the White House knew was on the path to bankruptcy.","campaign-finance,corporations,energy,ethics,jobs,stimulus",americans-prosperity,,,none,6.0,7.0,2.0,1.0,2.0,a TV ad,LIAR,0.0,0.0,0.7003
6053.json,pants-fire,Says Barack Obama is a socialist.,candidates-biography,roger-williams,Businessman,Texas,republican,3.0,2.0,2.0,0.0,1.0,"an Austin appearance with Wes Riddle, fellow GOP hopeful for US House.",LIAR,0.0,0.0,0.0
9546.json,half-true,A statewide poll showing 76 percent support and other surveys are a strong indicator of broad public support in Milwaukee County for a $10.10 minimum wage,"county-government,jobs",chris-abele,Philanthropist,Wisconsin,none,3.0,5.0,4.0,4.0,2.0,a letter to Milwaukee County supervisors,LIAR,0.0,0.0,0.8271
7081.json,barely-true,"Says that over the past 20 years, Texas public school spending rose 142 percent and per-pupil spending more than tripled when adjusted for inflation.","education,state-budget",jason-isaac,Transportation consultant,Texas,republican,2.0,0.0,1.0,0.0,1.0,a League of Women Voters guide for Texas and Austin voters,LIAR,0.0,0.0,0.0
1573.json,mostly-true,We are the only industrialized nation that relies heavily on a for-profit medical insurance industry to provide basic health care.,health-care,dianne-feinstein,U.S. Senator,California,democrat,1.0,1.0,0.0,4.0,0.0,a New York Times article,LIAR,0.0,0.0,0.4939
466.json,true,"Tax rates were significantly higher ""in the '40s, the '50s, and the '60s.""",taxes,hillary-clinton,Presidential candidate,New York,democrat,40.0,29.0,69.0,76.0,7.0,"South Bend, Ind.",LIAR,0.0,0.0,0.0
5508.json,mostly-true,"In Texas, there are 668 Democratic Hispanic elected officials to the 60 in the Republican Party.","candidates-biography,diversity,elections,history",texas-democratic-party,Political party,Texas,democrat,0.0,1.0,0.0,2.0,0.0,a quoted comment.,LIAR,0.0,0.0,0.4019
3998.json,barely-true,"In the Republican presidential debate in New Hampshire, none of the candidates mentioned the middle class or education.","education,families,new-hampshire-2012",jay-carney,White House press secretary,District of Columbia,none,2.0,2.0,1.0,2.0,0.0,a comment to reporters aboard Air Force One,LIAR,0.0,0.0,0.0
2020.json,mostly-true,The insurance commissioner cant do squat about health care.,health-care,ralph-hudgens,,Georgia,republican,0.0,0.0,0.0,1.0,0.0,a radio interview broadcast over the Internet,LIAR,0.0,0.0,0.4939
9000.json,true,"American Hustleshows the FBI making real-life bribes to Washington politicians. I know, because as your U.S. senator, I turned them down.","candidates-biography,legal-issues",larry-pressler,Candidate for U.S. Senate,South Dakota,independent,0.0,1.0,0.0,0.0,0.0,a campaign ad,LIAR,0.05,0.0,0.0
7096.json,half-true,"Says that under the new healthcare law, full- and part-time workers will be required to buy insurance costing $375 to $1,000 a month, starting in 2014.",health-care,county-line,,,none,0.0,0.0,1.0,0.0,0.0,an open letter to employees.,LIAR,0.0,0.0,0.0
9537.json,mostly-true,Women of childbearing age spend 68 percent more in out-of-pocket health care costs than men.,"health-care,women",ruth-bader-ginsburg,Associate Justice of the Supreme Court,,none,0.0,0.0,0.0,1.0,0.0,"a dissenting opinion in ""Burwell vs. Hobby Lobby""",LIAR,0.0,0.0,0.4939
7628.json,false,Says rejecting federal aid to expand Medicaid in Texas will send $9 billion in federal taxes paid by Texans to other states to insure their working poor.,"health-care,medicaid,taxes",lon-burnam,State representative,Texas,democrat,1.0,1.0,0.0,0.0,0.0,a press release,LIAR,0.0,0.0,-0.5859
675.json,half-true,"I told the Congress 'thanks, but no thanks,' on that Bridge to Nowhere.","federal-budget,transportation",sarah-palin,,Alaska,republican,9.0,19.0,9.0,6.0,6.0,"a speech at the Republican Nationention in St. Paul, Minn.",LIAR,0.0,0.0,-0.2867
1604.json,barely-true,The Federal Reserve system has presided over about a 95... percent decline in the U.S. dollar.,"economy,education",barbara-cargill,State Board of Education member,Tennesse,republican,1.0,0.0,0.0,0.0,0.0,a State Board of Education meeting,LIAR,0.0,0.0,0.0
10019.json,half-true,"Hospitals have already begun layoffs, a direct result of Republican inaction on Medicaid expansion.","health-care,medicaid,state-budget",democratic-party-virginia,,Virginia,democrat,2.0,1.0,1.0,3.0,0.0,a news release.,LIAR,0.0,0.0,-0.25
8805.json,true,"In the past three years, state legislatures have enacted more of these restrictions (on abortion) than in the previous 10 years combined.","abortion,health-care,women",patty-murray,U.S. Senator,Washington,democrat,0.0,0.0,0.0,0.0,0.0,an online statement,LIAR,0.0,0.0,0.0
5873.json,true,Says that U.S. Sen. Marco Rubio says troops are leaving Iraq too fast.,"foreign-policy,iraq",wrongwayrubiocom,,Florida,democrat,0.0,0.0,0.0,0.0,0.0,a Twitter messaging campaign,LIAR,0.0,0.0,0.0
11779.json,false,"Every piece of legislation, just about, that I ever introduced (in the U.S. Senate) had a Republican co-sponsor.","bipartisanship,candidates-biography,history,job-accomplishments",hillary-clinton,Presidential candidate,New York,democrat,40.0,29.0,69.0,76.0,7.0,comments at a campaign organizing event,LIAR,0.0,0.0,0.0
11964.json,barely-true,"When they passed Obamacare, they put a bailout fund in Obamacare. We led the effort and wiped out that bailout fund.",health-care,marco-rubio,U.S. Senator,Florida,republican,33.0,24.0,32.0,35.0,5.0,comments during the Houston GOP debate,LIAR,0.0,0.0,-0.2023
8526.json,half-true,Wendy Davis is fighting to bring ... Bloomberg-style gun control to Texas.,"elections,guns,states",greg-abbott,governor,Texas,republican,11.0,3.0,8.0,6.0,5.0,a donation web page,LIAR,0.0,0.0,-0.5994
6012.json,true,The legislature was never given the opportunity to debate or vote on loaning $75 million to 38 Studios.,"baseball,corporations,economy,state-finances,voting-record",dennis-algiere,Banker,Rhode Island,republican,0.0,0.0,0.0,0.0,0.0,a letter to the editor,LIAR,0.0,0.0,-0.3252
12040.json,mostly-true,When New York Gov. Eliot Spitzer wanted to provide drivers licenses to those who are undocumented. (Hillary Clinton) said dont do it.,immigration,bernie-s,U.S. Senator,Vermont,independent,18.0,12.0,22.0,41.0,0.0,a Democratic debate in Miami,LIAR,0.0,0.0,0.0
2510.json,false,Says Will Rasmussen supported a sales tax as recently as last spring.,taxes,promote-oregon-leadership-pac-oregon-house-republi,Political action committee,Oregon,republican,1.0,1.0,1.0,0.0,0.0,an e-mail,LIAR,0.0,0.0,0.3182
3190.json,half-true,"Before this law was passed, Americans were told they could keep their current health care plans. After it became law, the administration issued regulations stating nearly half of Americans would lose their current plan.",health-care,bill-posey,Congressman,Florida,republican,0.0,0.0,1.0,1.0,0.0,a letter to the editor,LIAR,0.0,0.0,0.128
10244.json,pants-fire,"A sign in Dearborn, Mich., for the Advancement of Islamic Agenda for America says, Allah be praised. America we will kill you all and nothing you can do to stop it.","religion,terrorism",facebook-posts,Social media posting,,none,14.0,18.0,15.0,11.0,36.0,a meme on social media,LIAR,0.0,0.0,-0.5719
9750.json,half-true,The startup rate of Hispanic businesses is three times the national rate.,"immigration,small-business",libre-initiative,,,organization,0.0,0.0,1.0,1.0,0.0,a Facebook post,LIAR,0.0,0.0,0.0
9792.json,true,Jason Carter backed three of Nathan Deals budgets but accuses the governor of underfunding education.,education,john-padgett,party chair,Georgia,republican,0.0,0.0,0.0,0.0,0.0,press release,LIAR,0.0,0.0,-0.4678
4012.json,false,"If you threw a barbecue yesterday for the Memorial weekend, it was 29 percent more expensive than last year because Barack Obamas policies have led to groceries going up 29 percent.","economy,new-hampshire-2012",michele-bachmann,Congresswoman,Minnesota,republican,8.0,22.0,6.0,4.0,16.0,"an interview on WKXL-AM in Concord, N.H.",LIAR,0.0,0.0,0.0
10900.json,barely-true,"You dont have to be as smart as a fifth-grader to know what causes the climate is the sun. The sun. I have people tell me, Carbon dioxide warms the Earth. No, it doesnt. The sun warms the Earth.","climate-change,weather",don-zimmerman,Computer systems,Texas,republican,2.0,0.0,0.0,1.0,0.0,an Austin City Council briefing,LIAR,0.0,0.0,0.4563
13011.json,half-true,"Since 2013 alone, the Obama administration has allowed 300,000 criminal aliens to return back into United States communities. These are individuals encountered or identified by (Immigration and Customs Enforcement), but who were not detained or processed for deportation because it wouldnt have been politically correct.","crime,criminal-justice,homeland-security,immigration",donald-trump,President-Elect,New York,republican,63.0,114.0,51.0,37.0,61.0,a speech on immigration in Phoenix,LIAR,0.0,0.0,0.2702
11514.json,false,"Says Ohio Gov. John Kasich got lucky with a thing called fracking, which is why Ohio is doing well.","energy,environment,state-finances",donald-trump,President-Elect,New York,republican,63.0,114.0,51.0,37.0,61.0,comments during the CNBC debate.,LIAR,0.0,0.0,0.5994
8145.json,pants-fire,A United Nations working group has adopted a proposed agenda to enable member nations to disarm civilians within their borders.,guns,chain-email,,,none,11.0,43.0,8.0,5.0,105.0,a document shared via email and social media,LIAR,0.0,0.0,0.4215
4939.json,true,"Says with Jon Corzine, its the first time, I think, in history where a former Senator has been subpoenaed to testify before his former colleagues.",history,pat-roberts,U.S. Senator,Kansas,republican,1.0,1.0,0.0,0.0,0.0,an interview on Fox Business News,LIAR,0.0,0.0,0.0
3474.json,true,Says a Lubbock terror suspects alleged plan to use baby dolls to conceal chemical explosives is similar to a 1995 plot to blow up 12 jumbo jets over the Pacific Ocean.,terrorism,michael-mccaul,congressman,Texas,republican,1.0,0.0,1.0,4.0,0.0,a statement,LIAR,0.0,0.0,-0.7003
8623.json,half-true,The minimum wage in real terms right now is below where it was when Harry Truman was in office.,"economy,history,workers",barack-obama,President,Illinois,democrat,70.0,71.0,160.0,163.0,9.0,a speech at the Center for American Progress,LIAR,0.0,0.0,0.0
4913.json,barely-true,We have more natural gas in this country than Saudi Arabia has oil.,"energy,new-hampshire-2012",jon-huntsman,,Utah,republican,5.0,1.0,5.0,4.0,1.0,an editorial board meeting with the Nashua Telegraph,LIAR,0.0,0.0,0.4201
5797.json,half-true,"Says more than 8,000 people have supported her campaign as volunteers, donors and advisors and endorsers.","message-machine-2012,unions",mary-nolan,Represents Southwest Portland in Oregon House,Oregon,democrat,0.0,0.0,3.0,0.0,0.0,a campaign website,LIAR,0.0,0.0,0.3182
6754.json,barely-true,James Langevin has received almost $20 million from taxpayers and special interests to use at his own discretion to supposedly champion Rhode Islands needs.,"campaign-finance,congress,congressional-rules,job-accomplishments,message-machine-2012,campaign-advertising",michael-riley,,Rhode Island,republican,2.0,1.0,1.0,0.0,0.0,a radio ad,LIAR,0.0,0.0,0.8225
3229.json,mostly-true,"Since Sept. 11, 2001, 270,000 Americans were killed by gunfire at home.","guns,pundits",doonesbury,,,none,0.0,0.0,2.0,4.0,0.0,a comic strip,LIAR,0.0,0.0,-0.6705
3695.json,barely-true,Polls show that Floridians dont want to repeal the Affordable Care Act.,"health-care,polls",joe-gibbons,State Representative,Florida,democrat,1.0,0.0,0.0,0.0,0.0,comments on the House floor,LIAR,0.0,0.0,0.4548
9723.json,true,San Antonio is now the largest city in the United States ever to have an African American woman mayor.,"city-government,history,population",henry-cisneros,Businessman,Texas,democrat,0.0,0.0,0.0,0.0,0.0,a statement after Ivy Taylor's selection as mayor of San Antonio,LIAR,0.0,0.0,0.4215
12412.json,true,"Before 2005, the percentage of Texas high school students meeting the college readiness standards of the Texas Higher Education Coordinating Board stood at 28% in English and 42% in math. Those figures stood at 65% and 66% in 2013.","children,education",don-willett,"Justice, Place 2, Texas Supreme Court",Texas,republican,0.0,0.0,0.0,0.0,0.0,the majority Texas Supreme Court opinion in Texas school finance case,LIAR,0.0,0.0,0.25
6433.json,false,"A United Nations arms treaty would almost certainly force the U.S. to create an international gun registry, setting the stage for full-scale gun confiscation.","guns,human-rights,trade",paul-broun,Congressman,Georgia,republican,4.0,8.0,3.0,2.0,1.0,a YouTube video,LIAR,0.0,0.0,0.2975
13384.json,pants-fire,Says Hillary Clinton wants to let people just pour in. You could have 650 million people pour in and we do nothing about it. Think of it. Thats what could happen. You triple the size of our country in one week.,"homeland-security,immigration",donald-trump,President-Elect,New York,republican,63.0,114.0,51.0,37.0,61.0,a campaign rally in Albuquerque,LIAR,0.0,0.0,0.0
2898.json,half-true,"In the fall of 2009, only 21 percent of Texas high school graduates enrolled in a four-year public university.","economy,education",todd-staples,state agriculture commissioner,Texas,republican,0.0,1.0,4.0,3.0,1.0,a Web post.,LIAR,0.0,0.0,0.0
11325.json,half-true,The cost of fire in Rhode Island is anywhere from 33 percent to 100 percent more expensive than anywhere else we could find.,"city-budget,city-government,county-budget,county-government,public-safety",kenneth-block,businessman,,republican,0.0,3.0,2.0,3.0,0.0,TV interview,LIAR,0.0,0.0,-0.34
10617.json,true,The proposed transportation tax plan revokes a tax-credit for consumers electric cars while the state retains similar credits for similar vehicles for businesses.,"taxes,transportation",atlanta-journal-constitution,,,none,0.0,0.0,0.0,0.0,0.0,news reports,LIAR,0.0,0.0,0.3612
767.json,barely-true,"Sen. McCain's tax plan provides ""virtually nothing to the middle class.""",taxes,joe-biden,U.S. senator,Delaware,democrat,11.0,10.0,21.0,16.0,4.0,vice presidential debate in St. Louis,LIAR,0.0,0.0,0.0
10469.json,mostly-true,Amazing fact: Senate has already voted on more amendments in 2015 than Reid allowed ALL YEAR last year.,"congress,congressional-rules",phil-kerpen,President of American Commitment and columnist,"Washington, D.C.",republican,0.0,0.0,0.0,1.0,0.0,a tweet,LIAR,0.1,0.0,0.5859
10156.json,mostly-true,Wisconsin Republicans repealed a statewide fair pay law that made sure women are treated fairly on the job.,"civil-rights,government-regulation,income,women,workers",barack-obama,President,Illinois,democrat,70.0,71.0,160.0,163.0,9.0,a speech,LIAR,0.0,0.0,0.4939
753.json,mostly-true,"McCain ""said the other day that he would not meet potentially with the prime minister of Spain, because he . . . wasn't sure whether they were aligned with us.""",foreign-policy,barack-obama,President,Illinois,democrat,70.0,71.0,160.0,163.0,9.0,"a debate in Oxford, Miss.",LIAR,0.0,0.0,-0.2411
11696.json,half-true,"Regarding the USA Freedom Act, There is nothing we are allowed to do under this bill that we could not do before.","privacy,terrorism",marco-rubio,U.S. Senator,Florida,republican,33.0,24.0,32.0,35.0,5.0,a Republican presidential debate in Las Vegas,LIAR,0.05,0.0,0.6369
7446.json,true,"Says that except for foreign policy, Ron Pauls voting record and his voting record are virtually identical.",voting-record,paul-broun,Congressman,Georgia,republican,4.0,8.0,3.0,2.0,1.0,a fundraiser letter,LIAR,0.0,0.0,0.0
12217.json,true,In Malaysia many of the workers are indentured servants because their passports are taken away when they come into this country and are working in slave-like conditions.,"foreign-policy,human-rights,labor,trade",bernie-s,U.S. Senator,Vermont,independent,18.0,12.0,22.0,41.0,0.0,an interview with the New York Daily News,LIAR,0.0,0.0,0.0
9122.json,mostly-true,Says Rick Scott presided over cuts to the Bright Futures college scholarship program.,education,american-bridge-21st-century,,,democrat,2.0,1.0,0.0,3.0,0.0,an online video,LIAR,0.0,0.0,0.1779
12795.json,false,"Just on the issue of immigration alone, it is next to impossible to find a policy difference between (Donald) Trump and Congressman (Joe) Heck.",immigration,catherine-cortez-masto,,Nevada,democrat,0.0,1.0,1.0,1.0,0.0,a news release,LIAR,0.0,0.0,-0.25
13506.json,true,We spend less than 2 percent more every year. That is the lowest increase in spending since they have been keeping numbers.,"economy,state-budget",andrew-cuomo,Governor,New York,democrat,1.0,0.0,0.0,1.0,0.0,"a speech in Fishkill, NY",LIAR,0.0,0.0,-0.0772
12965.json,half-true,"In Congress, (Cresent Hardy) voted to defund DACA.",immigration,ruben-kihuen,State Senator,Nevada,democrat,0.0,0.0,1.0,0.0,0.0,a press conference,LIAR,0.05,0.0,0.4019
2148.json,true,Today almost half our debt is owned by foreigners.,"federal-budget,foreign-policy,history",jeb-hensarling,U.S. Congressman,Texas,republican,0.0,2.0,1.0,0.0,1.0,a speech,LIAR,0.0,0.0,-0.3041
1733.json,mostly-true,"Gov. Lawton Chiles said ""if I were to become ... become speaker of the House it would be (his) worst nightmare.""",candidates-biography,daniel-webster,"U.S. Representative, Florida District 8",Florida,republican,0.0,0.0,0.0,1.0,0.0,announcing his campaign for the U.S. House.,LIAR,0.0,0.0,-0.6249
12586.json,barely-true,Says Paul Ryan shut off the C-SPAN cameras when the Democrats started their sit-in.,"government-regulation,guns,history,public-safety,pundits",stephen-colbert,,,none,1.0,0.0,0.0,2.0,0.0,a comedy sketch,LIAR,0.05,0.0,0.0
7573.json,mostly-true,"Our debt now is about $140,000 per household.","debt,taxes",rob-portman,U.S. senator from Ohio,Ohio,republican,3.0,5.0,11.0,11.0,1.0,a speech on the Senate floor,LIAR,0.0,0.0,-0.3612
8350.json,pants-fire,Ken Cuccinelli tried to shut down state government.,"bipartisanship,state-budget",terry-mcauliffe,Governor,Virginia,democrat,12.0,6.0,2.0,2.0,3.0,a debate.,LIAR,0.0,0.0,0.0
9632.json,mostly-true,"There are fewerwars, there are fewerpeople dying in wars now than there have been in quite some time.","foreign-policy,history,military",stu-burguiere,"Writer, Glenn Beck Program",,none,0.0,0.0,0.0,1.0,0.0,comments on The Glenn Beck Radio Program,LIAR,0.0,0.0,-0.5574
1830.json,barely-true,Says he was a Marine during Vietnam.,"candidates-biography,ethics,message-machine,military,veterans",dale-peterson,,Alabama,republican,1.0,0.0,1.0,0.0,0.0,a campaign commercial,LIAR,0.0,0.0,0.0
5345.json,half-true,"[A]t his current rate, President Obama will have added more debt to the United State of America by the end of his first term than each of the previous 43 presidents -- combined!",federal-budget,GaGOP,,,republican,2.0,1.0,1.0,0.0,0.0,a web post,LIAR,0.08,0.0,0.077
569.json,half-true,"Barack Obama said he would debate 'anywhere, anytime' but has rejected joint town hall meetings.",elections,john-mccain,U.S. senator,Arizona,republican,31.0,39.0,31.0,37.0,8.0,a news release,LIAR,0.0,0.0,-0.6652
12868.json,mostly-true,Because of the Trans-Pacific Partnership weve got a country like Malaysia taking really serious efforts to crack down on human trafficking.,"human-rights,trade",barack-obama,President,Illinois,democrat,70.0,71.0,160.0,163.0,9.0,at the White House,LIAR,0.0,0.0,0.228
12317.json,half-true,You can absolutely get a gun if you have several felonies as long as you buy it on the Internet or at a gun show.,"crime,guns",amy-schumer,,,none,0.0,0.0,2.0,0.0,0.0,"an episode of ""Inside Amy Schumer""",LIAR,0.0,0.0,-0.8207
9445.json,false,Only after news broke that our veterans are dying because of inadequate health care did Harry Reid and Senate Democrats take action.,veterans,bill-cassidy,U.S. House of Representatives,Louisiana,republican,0.0,1.0,0.0,0.0,1.0,a statement on his website,LIAR,0.0,0.0,-0.3182
10601.json,mostly-true,Says Hillary Clinton sent a memo to all State Department staff that said you should not do State Department business on personal email.,"ethics,transparency",joe-scarborough,Host of a morning show on MSNBC,,none,1.0,4.0,3.0,3.0,0.0,"a broadcast of MSNBC's ""Morning Joe""",LIAR,0.0,0.0,0.0
7997.json,false,More Americans receive food aid than work in (the) private sector.,"jobs,poverty,pundits,workers",allen-west,"U.S. representative, Florida District 22",Florida,republican,6.0,9.0,3.0,1.0,4.0,a tweet,LIAR,0.0,0.0,0.0
1845.json,half-true,A Houston school district analysis found that the (State Board of Education) more than quadrupled the number of historical figures students must learn about.,education,kathy-miller,"President, Texas Freedom Network",,none,0.0,0.0,1.0,0.0,0.0,an op-ed article,LIAR,0.0,0.0,0.0772
10299.json,half-true,On timing of right to work legislation,workers,robin-vos,Wisconsin Assembly speaker,Wisconsin,republican,0.0,3.0,2.0,5.0,1.0,various interviews,LIAR,0.0,0.0,0.0
966.json,true,Tens of billions of dollars (from taxpayer-funded bailouts) ... flowed straight through AIG into the coffers of foreign corporations and foreign banks.,economy,mike-pence,Governor,Indiana,republican,8.0,10.0,12.0,5.0,0.0,a TV interview,LIAR,0.05,0.0,0.2263
11140.json,mostly-true,Every year the First Coast Guard District saves 350 lives in the Northeast.,public-safety,Coast-Guard,,,none,0.0,0.0,0.0,1.0,0.0,news release,LIAR,0.0,0.0,0.0
11240.json,half-true,Our companies are moving into Mexico more than almost any other place right now.,"foreign-policy,trade",donald-trump,President-Elect,New York,republican,63.0,114.0,51.0,37.0,61.0,an interview on CNN.,LIAR,0.0,0.0,0.0
9896.json,false,Jorge Elorza wants to impose a municipal income tax.,"city-budget,deficit,economy,taxes",vincent-buddy-cianci,,Rhode Island,independent,0.0,2.0,1.0,2.0,1.0,a radio interview,LIAR,0.0,0.0,-0.296
8771.json,mostly-true,"Texas is experiencing the fastest population growth in the country, adding more than 1,000 people a day.","energy,population",texans-reliable-power,,,none,0.0,0.0,0.0,1.0,0.0,an advertisement,LIAR,0.0,0.0,0.3818
6111.json,false,The Koch brothers alone gave twice as much money to Scott Walker as the total amount of money raised by Tom Barrett.,"campaign-finance,corporations,corrections-and-updates,elections",debbie-wasserman-schultz,"U.S. Representative, Florida District 23",Florida,democrat,7.0,9.0,8.0,15.0,3.0,a speech,LIAR,0.0,0.0,-0.25
3138.json,true,"[Tailpipe emissions rules], if fully implemented with all the regulations that go with it, they will keep the temperature from rising nearly five one-hundredths of a degree Fahrenheit. By 2050.","climate-change,environment,transportation",ken-cuccinelli,Attorney General,Virginia,republican,1.0,10.0,3.0,2.0,1.0,a speech to Tea Party activists.,LIAR,0.0,0.0,0.0
10912.json,mostly-true,500 percent more traffic here?,"city-budget,city-government",anonymous-activist,,Texas,none,0.0,0.0,0.0,1.0,0.0,yard signs posted anonymously opposing a proposed office park redevelopment in Northwest Austin,LIAR,0.0,0.0,0.0
12819.json,half-true,Our economy is so much stronger than when (Barack Obama and Joe Biden) took office. Nearly 15 million new private-sector jobs.,"economy,jobs",hillary-clinton,Presidential candidate,New York,democrat,40.0,29.0,69.0,76.0,7.0,her acceptance speech at the Democratic convention,LIAR,0.0,0.0,0.4364
3835.json,pants-fire,House Republicans required the use of Styrofoam cups in House cafeterias that are part of Koch Industries.,congressional-rules,jim-moran,U. S. Congressman,Virginia,democrat,2.0,1.0,1.0,6.0,1.0,a speech.,LIAR,0.0,0.0,0.0
13054.json,half-true,Says crime is rising in Manchester and has gone up 19 percent under Mayor Ted Gatsas.,crime,chris-sununu,Executive Councilor,New Hampshire,republican,0.0,1.0,1.0,0.0,1.0,an ad,LIAR,0.0,0.0,-0.5423
11606.json,mostly-true,"Since he took office as Milwaukee County executive, we have never raised bus fares and this year therell be a million route-miles more than there were five years ago.","job-accomplishments,transportation",chris-abele,Philanthropist,Wisconsin,none,3.0,5.0,4.0,4.0,2.0,a TV interview,LIAR,0.0,0.0,0.0
6499.json,mostly-true,Thirty percent of [Sheldon Whitehouse campaign] money is coming from special interests.,campaign-finance,barry-hinckley,,Rhode Island,republican,0.0,4.0,1.0,2.0,2.0,a news conference,LIAR,0.0,0.0,0.5719
10133.json,half-true,Says Scott Walker is forcing some women to undergo a transvaginal probe to get an abortion.,"abortion,health-care,message-machine-2014,public-health,technology,women",emilys-list,,,organization,1.0,0.0,3.0,2.0,0.0,a TV ad,LIAR,0.0,0.0,0.0
414.json,true,Iraq is costing each household about $100 a month.,iraq,barack-obama,President,Illinois,democrat,70.0,71.0,160.0,163.0,9.0,"a speech in Charleston, W.Va.",LIAR,0.0,0.0,0.0
496.json,false,"Iran ""might not be a superpower, but the threat the government of Iran poses is anything but 'tiny,'"" as Obama says.",foreign-policy,john-mccain,U.S. senator,Arizona,republican,31.0,39.0,31.0,37.0,8.0,Chicago,LIAR,0.0,0.0,-0.6808
9279.json,false,On in-state tuition for illegal immigrants.,"education,immigration",rick-scott,Governor,Florida,republican,28.0,23.0,38.0,34.0,7.0,interviews and news releases,LIAR,0.0,0.0,-0.5574
11983.json,false,Says the New York Times can write a story that they know is false yet they cant basically be sued.,legal-issues,donald-trump,President-Elect,New York,republican,63.0,114.0,51.0,37.0,61.0,"an interview on ""Fox News Sunday""",LIAR,0.0,0.0,0.0
1614.json,true,"The health care bill will subsidize families of four that make more than $80,000 a year.",health-care,orrin-hatch,U.S. Senator,Utah,republican,2.0,0.0,1.0,0.0,0.0,an interview on CNN's State of the Union,LIAR,0.0,0.0,0.4939
7623.json,half-true,Harvard Study Finds States With Most Gun Laws Have Fewest Gun Deaths.,"crime,criminal-justice,guns,public-safety",facebook-posts,Social media posting,,none,14.0,18.0,15.0,11.0,36.0,a Facebook post,LIAR,0.0,0.0,-0.624
3733.json,true,American oil production is at its highest level since 2003.,energy,jim-moran,U. S. Congressman,Virginia,democrat,2.0,1.0,1.0,6.0,1.0,a press release.,LIAR,0.0,0.0,0.0
2328.json,half-true,Charlie Crist has six different positions on ObamaCare.,health-care,marco-rubio,U.S. Senator,Florida,republican,33.0,24.0,32.0,35.0,5.0,a campaign website,LIAR,0.0,0.0,0.0
4756.json,half-true,"The Confederate battle flag never flew over Texas, but... you might soon see it on our license plates.",history,progress-texas,,Texas,none,3.0,0.0,1.0,0.0,2.0,an opinion column.,LIAR,0.0,0.0,-0.2023
10192.json,false,"Families in Del Valle, who are City of Austin residents, have to drive to Bastrop to go to the closest grocery store.","hunger,population",delia-garza,Attorney,Texas,none,0.0,1.0,0.0,0.0,0.0,as quoted in a news story,LIAR,0.0,0.0,0.0
8988.json,mostly-true,Georgias civil forfeiture laws are among the worst in the country and the very worst in the South.,"criminal-justice,legal-issues",americans-prosperity-georgia-chapter,,,none,0.0,0.0,2.0,1.0,0.0,a press conference,LIAR,0.0,0.0,-0.8588
13515.json,false,"Says actor Dwayne The Rock Johnson wore a T-shirt stating: We Stand for the flag, we kneel for the fallen.","fake-news,pop-culture",sid-miller,State agriculture commissioner,Texas,republican,1.0,2.0,2.0,0.0,1.0,a Facebook post of photo and caption on Miller's fan page,LIAR,0.0,0.0,-0.3612
671.json,true,"Three years ago, John McCain said, ""Afghanistan we don't read about it anymore in papers because it succeeded.""","afghanistan,foreign-policy,military",joe-biden,U.S. senator,Delaware,democrat,11.0,10.0,21.0,16.0,4.0,a speech at the Democratic National Convention in Denver,LIAR,0.0,0.0,0.4215
8283.json,barely-true,"Says potential Democratic opponent Mary Burke implemented the policies of Jim Doyle. Those are the policies that, in his last term, saw the state lose more than 133,000 jobs.",jobs,scott-walker,Milwaukee County Executive,Wisconsin,republican,26.0,41.0,32.0,40.0,11.0,an interview,LIAR,0.0,0.0,-0.4019
7335.json,half-true,Says the claim that 40 percent of guns are sold without background checks traces to information gathered before background checks were even required.,guns,ted-cruz,Senator,Texas,republican,36.0,33.0,15.0,19.0,8.0,a U.S. Senate committee hearing.,LIAR,0.0,0.0,0.0
6533.json,mostly-true,"For Social Security, which is projected to remain solvent through 2033, Whitehouse has cosponsored [a bill that] . . . would extend the life of the program by an additional 75 years.","federal-budget,poverty,social-security,taxes,wealth",sheldon-whitehouse,U.S. Senator,Rhode Island,democrat,2.0,3.0,2.0,7.0,0.0,a news release,LIAR,0.0,0.0,0.4767
3625.json,mostly-true,Says Texas routinely gets a lot more federal spending than it pays in taxes.,"federal-budget,pundits,taxes",rachel-maddow,MSNBC host,,none,6.0,6.0,4.0,6.0,1.0,an episode of The Rachel Maddow Show.,LIAR,0.0,0.0,0.0
6993.json,false,Says Jim Renacci opposed increasing combat bonuses for our troops.,"federal-budget,job-accomplishments,message-machine-2012,military",democratic-congressional-campaign-committee,,,democrat,11.0,8.0,5.0,1.0,9.0,a television ad,LIAR,0.0,0.0,0.296
599.json,true,I have repeatedly said that many of the predatory loans that were made in the mortgage system did target African-American and Latino communities.,economy,barack-obama,President,Illinois,democrat,70.0,71.0,160.0,163.0,9.0,"a town hall in St. Petersburg, Fla.",LIAR,0.0,0.0,0.0
11561.json,false,The Democrats plan to raise your tax rates to 70 or 80 percent.,taxes,chris-christie,Governor of New Jersey,New Jersey,republican,10.0,17.0,27.0,19.0,8.0,the fourth GOP undercard debate.,LIAR,0.0,0.0,0.0
4170.json,pants-fire,"The Atlanta streetcar is expected to create 930 jobs during construction, totaling more than 5,600 jobs over the next 20 years.",transportation,federal-transit-administration,,,none,0.0,0.0,0.0,0.0,1.0,a press release,LIAR,0.0,0.0,0.2732
9116.json,mostly-true,Manufacturing wages today in America on a per-hour basis are actually a bit lower than average wages in the economy as a whole.,"economy,jobs,poverty",steven-rattner,,,democrat,0.0,0.0,0.0,2.0,0.0,"comments on ABC's ""This Week""",LIAR,0.0,0.0,-0.296
2260.json,half-true,"U.S. Rep. Jim Marshall (D-Ga.) refuses to return $37,000 in dirty campaign contributions from U.S. Rep. Charles Rangel (D-N.Y.)",message-machine,national-republican-congressional-committee,,,republican,18.0,9.0,8.0,5.0,8.0,a recorded message,LIAR,0.0,0.0,-0.4404
1404.json,half-true,On abortion rights.,abortion,harold-ford-jr,,,democrat,0.0,0.0,0.0,0.0,0.0,comments on the subject over the past 10 years.,LIAR,0.0,0.0,0.0
9042.json,barely-true,Says Cathy Jordan was arrested and dragged out of her home by a SWAT team of hooligans for using medical marijuana.,"crime,drugs,health-care,marijuana",john-morgan,Attorney,Florida,democrat,1.0,1.0,0.0,0.0,0.0,a medical marijuana debate at the University of Tampa,LIAR,0.05,0.0,-0.6597
12082.json,half-true,"Republicans control the U.S. Senate with 54 seats, but those 54 senators were elected by only two-thirds the number of voters who elected the Democrats. In the Senate, the majority party represents a minority of the people.","congress,congressional-rules,history,pundits,supreme-court",roy-zimmerman,"singer, songwriter, progressive activist",California,activist,0.0,0.0,1.0,0.0,0.0,a YouTube video,LIAR,0.0,0.0,0.6124
4620.json,mostly-true,Says Republicans want to cut education by 25 percent.,"education,federal-budget,new-hampshire-2012",david-axelrod,,,democrat,2.0,1.0,6.0,7.0,0.0,a speech to the New Hampshire Institute of Politics,LIAR,0.0,0.0,-0.2023
10063.json,false,We know from the social science that children do best with a mom and a dad.,"civil-rights,diversity,families,gays-and-lesbians,marriage",tony-perkins,,,republican,0.0,1.0,1.0,0.0,0.0,"comments on ""Fox News Sunday""",LIAR,0.0,0.0,0.6369
1362.json,half-true,"We've created or saved up to 1.6 million jobs, according to the CBO -- the Congressional Budget Office -- through the Recovery Act.","economy,stimulus",barack-obama,President,Illinois,democrat,70.0,71.0,160.0,163.0,9.0,a speech,LIAR,0.05,0.0,0.5859
4713.json,true,"Under a law proposed by Wisconsin Gov. Scott Walker, businesses that move into Wisconsin dont have to pay any taxes on their income for two years.","jobs,taxes",mahlon-mitchell,,,democrat,0.0,0.0,0.0,1.0,0.0,remarks,LIAR,0.0,0.0,0.0762
4597.json,half-true,"The poverty rate for families in which a husband and a wife work is 5 percent, but in families headed by one person its 30 percent today.","economy,marriage,new-hampshire-2012",rick-santorum,,Pennsylvania,republican,12.0,16.0,13.0,7.0,5.0,a Republican presidental primary debate,LIAR,0.0,0.0,-0.2846
9955.json,pants-fire,Was Martha Kanter dispatched to Corvallis with $17 million in stimulus money to save Craig Robinsons job?,stimulus,blog-posting,,,none,7.0,19.0,3.0,5.0,44.0,a chain email,LIAR,0.0,0.0,0.4939
9582.json,mostly-true,Radio Marti and TV Marti have spent more than $500 million to reach less than 1 percent of the Cuban population.,foreign-policy,lawrence-odonnell,,,none,2.0,2.0,0.0,3.0,0.0,"a broadcast of ""The Last Word with Lawrence O'Donnell""",LIAR,0.0,0.0,0.0258
10154.json,mostly-true,"Says his promise of 250,000 new private sector jobs was a big goal.","economy,jobs",scott-walker,Milwaukee County Executive,Wisconsin,republican,26.0,41.0,32.0,40.0,11.0,a campaign TV ad,LIAR,0.0,0.0,0.3182
8228.json,mostly-true,Says theres a 100-year-old international norm not to use chemical weapons.,"corrections-and-updates,foreign-policy,history,human-rights,military",debbie-wasserman-schultz,"U.S. Representative, Florida District 23",Florida,democrat,7.0,9.0,8.0,15.0,3.0,a CNN interview,LIAR,0.0,0.0,-0.4404
1929.json,false,"Bill McCollum ""served as a lobbyist whose clients enabled mortgages for illegal immigrants.""",immigration,rick-scott,Governor,Florida,republican,28.0,23.0,38.0,34.0,7.0,a press release,LIAR,0.0,0.0,-0.5574
7171.json,mostly-true,Says personal-injury trial lawyers have provided over 80 percent of the funding for the Texas Democratic Party for over a decade.,"campaign-finance,legal-issues",sherry-sylvester,"Communications director, Texans for Lawsuit Reform",Texas,republican,0.0,0.0,0.0,1.0,0.0,an opinion column.,LIAR,0.0,0.0,0.4019
1373.json,barely-true,Americans admire Glenn Beck more than they admire the pope.,"pundits,religion",dana-milbank,Columnist for the Washington Post,"Washington, D.C.",none,2.0,0.0,0.0,1.0,0.0,a column in the Washington Post,LIAR,0.0,0.0,0.7553
2474.json,mostly-true,"On Lee Fishers watch, almost nine out of 10 jobs that Ohio lost were lost to other states, not to other countries.",economy,rob-portman,U.S. senator from Ohio,Ohio,republican,3.0,5.0,11.0,11.0,1.0,an appearance at The Plain Dealer,LIAR,0.0,0.0,-0.5574
5743.json,mostly-true,"The Buffett rule raises virtually no money, maybe a day and a half of our borrowing per year.","deficit,economy,federal-budget,taxes",barry-hinckley,,Rhode Island,republican,0.0,4.0,1.0,2.0,2.0,a campaign event.,LIAR,0.0,0.0,-0.296
9907.json,true,"The president referred to the Syrian opposition just a few months ago as pharmacists and doctors, and so on.","iraq,terrorism",michael-hayden,Former director of the CIA,,none,0.0,0.0,0.0,0.0,0.0,"comments on ""Fox News Sunday""",LIAR,0.0,0.0,0.0
11318.json,mostly-true,Were the only major oil-producing nation in the world with a self-imposed ban on exporting our crude oil to other nations.,"energy,trade",barry-duval,President and CEO of the Virginia Chamber of Commerce,Virginia,organization,0.0,0.0,0.0,1.0,0.0,an interview,LIAR,0.0,0.0,-0.8074
735.json,barely-true,"Last week Senator Obama's running mate said, get this, 'Raising taxes is patriotic.' ",taxes,john-mccain,U.S. senator,Arizona,republican,31.0,39.0,31.0,37.0,8.0,"Reading, Pa.",LIAR,0.0,0.0,0.0
5767.json,true,Congress as a whole is less popular than its been since polling was invented.,"congress,polls",jim-cooper,Congressman,Tennessee,democrat,0.0,0.0,0.0,0.0,0.0,an op-ed published in The Hill.,LIAR,0.0,0.0,0.3626
1833.json,mostly-true,"There are 321,092 public school teachers in Texas. And there are 313,850 non-teachers in our public schools.","education,message-machine,taxes",empower-texans,,Texas,none,1.0,0.0,0.0,1.0,0.0,a Web video,LIAR,0.0,0.0,0.0
4005.json,barely-true,"Since 2004, there have been some 1,300 attacks (on rail targets). Four thousand people have died. Thousands of injuries.","terrorism,transportation",frank-lautenberg,U.S. Senator,New Jersey,democrat,2.0,0.0,2.0,1.0,0.0,"an interview on ABC's ""Top Line""",LIAR,0.0,0.0,-0.7579
11193.json,half-true,"Emails released to the public show Hillary Clinton discussed the location of Ambassador Stevens, who of course was murdered, in Libya.","candidates-biography,terrorism",andrew-napolitano,judge,,republican,3.0,0.0,2.0,0.0,3.0,"in an interview on Fox's ""Hannity""",LIAR,0.0,0.0,-0.6597
13307.json,false,The stories from women saying he groped or forced himself on them largely have been debunked.,"candidates-biography,crime,history,human-rights,women",donald-trump,President-Elect,New York,republican,63.0,114.0,51.0,37.0,61.0,the third 2016 presidential debate,LIAR,0.0,0.0,-0.4588
12640.json,barely-true,"During my administration, for example, we boosted U.S. exports to Canada and Mexico by about 50 percent. That supports about 2.8 million American jobs.",trade,barack-obama,President,Illinois,democrat,70.0,71.0,160.0,163.0,9.0,a press conference at the North American Leaders Summit,LIAR,0.0,0.0,0.6124
3531.json,pants-fire,Weve lost 26 million jobs since (Obamas) been president.,"economy,history,jobs",reince-priebus,"Chairman, Republican National Committee",Wisconsin,republican,2.0,12.0,8.0,3.0,1.0,"an interview on NBC's ""Today"" show",LIAR,0.0,0.0,-0.3182
12799.json,mostly-true,Says Donald Trump games the U.S. visa system so he can hire temporary foreign workers at low wages.,immigration,michael-bloomberg,,New York,independent,0.0,2.0,2.0,3.0,0.0,a speech at the Democratic convention,LIAR,0.0,0.0,-0.2732
1265.json,mostly-true,Only 20 percent of Americans admit to being Republicans anymore.,elections,democratic-national-committee,,,none,8.0,2.0,10.0,8.0,0.0,an e-mail to reporters,LIAR,0.0,0.0,0.2023
11406.json,mostly-true,"There have been seven investigations (of Benghazi) led mostly by Republicans in the Congress that concluded nobody did anything wrong, but there were changes we could make.","congress,terrorism",hillary-clinton,Presidential candidate,New York,democrat,40.0,29.0,69.0,76.0,7.0,on NBC's Today Show,LIAR,0.0,0.0,-0.2617
4934.json,true,Richard Cordrays nomination to head the Consumer Financial Protection Bureau marks the first time in Senate history that a political party has blocked a nomination of someone because they didnt like the construction of the agency.,"consumer-safety,financial-regulation,government-regulation",sherrod-brown,U.S. Senator,Ohio,democrat,3.0,4.0,5.0,8.0,1.0,a Senate banking subcommittee hearing,LIAR,0.0,0.0,-0.1306
1536.json,mostly-true,The Republicans have repeatedly said that they agree with 80 percent of what's in our bill.,health-care,debbie-wasserman-schultz,"U.S. Representative, Florida District 23",Florida,democrat,7.0,9.0,8.0,15.0,3.0,a roundtable segment on NBC's Meet the Press,LIAR,0.0,0.0,0.3612
3940.json,pants-fire,Its just crazy that the government will ... make it illegal to use the old [incandescent] bulbs.,"energy,environment",mike-stenhouse,"chief executive officer, R.I. Center for Freedom and ProsperityState Policy Research Institute",Rhode Island,newsmaker,1.0,1.0,1.0,0.0,1.0,an appearance on a talk show,LIAR,0.0,0.0,-0.7184
4102.json,half-true,Numerous studies have shown that these so-called right-to-work laws do not generate jobs and economic growth.,"jobs,unions",sheila-oliver,Assemblywoman,New Jersey,democrat,0.0,1.0,1.0,3.0,0.0,a press release from Assembly Speaker Sheila Oliver (D-Essex),LIAR,0.0,0.0,0.3818
13174.json,half-true,"The Virginia population increased by just 8 percent from 2005 to 2015, but the per capita spending in the budget increased by a whopping 38 percent.","population,state-budget,state-finances",virginia-first-foundation,,,republican,0.0,0.0,1.0,0.0,0.0,a web video.,LIAR,0.0,0.0,0.4939
2385.json,false,Russ Feingold has not worked anywhere outside of politics.,"candidates-biography,message-machine",ron-johnson,,Wisconsin,republican,14.0,6.0,10.0,10.0,1.0,a campaign TV ad,LIAR,0.0,0.0,0.0
6746.json,barely-true,Eight million Americans have dropped out of the work force since (Barack) Obama became president. ... The real unemployment rate is 19 percent.,"economy,jobs,message-machine-2012",restore-our-future,super PAC,,republican,1.0,0.0,3.0,1.0,2.0,a campaign ad,LIAR,0.0,0.0,-0.4404
11426.json,barely-true,Paul Ryan is one of less than a dozen Republican congressmen to have voted for every bailout to come before Congress.,"corporations,economy,federal-budget,financial-regulation,housing,transportation",erick-erickson,,,republican,1.0,2.0,0.0,0.0,0.0,a blog post,LIAR,0.0,0.0,-0.1027
7943.json,pants-fire,U.S. Rep. Phil Gingrey wants public schools to teach women to stay in their place.,"families,marriage,women",lauren-benedict,"Chairwoman, Georgia's WIN List",Georgia,democrat,0.0,0.0,0.0,0.0,1.0,a Georgia's WIN List press release,LIAR,0.0,0.0,0.0
2093.json,true,I never called for a partition of Iraq.,"iraq,abc-news-week",joe-biden,U.S. senator,Delaware,democrat,11.0,10.0,21.0,16.0,4.0,"ABC's ""This Week""",LIAR,0.0,0.0,0.0
10611.json,true,"Under legislation that has cleared the Georgia House, some children who are legal refugees could obtain state scholarships to attend private schools.","autism,children,disability,education,families,immigration,state-budget,state-finances",associated-press,journalists,,none,0.0,0.0,0.0,0.0,0.0,article,LIAR,0.0,0.0,0.2263
9421.json,pants-fire,Ken Block supports Obamacare.,"economy,health-care,message-machine-2014",allan-fung,"mayor, city of Cranston, R.I.",Rhode Island,republican,2.0,2.0,0.0,2.0,1.0,a TV commercial,LIAR,0.0,0.0,-0.1027
7131.json,barely-true,Says legislation supported by gay rights activists would strip mother and father from future Texas birth certificates.,"children,gays-and-lesbians,legal-issues",texas-values,,,none,1.0,1.0,0.0,0.0,0.0,"an interview aired by Austin’s KTBC-TV, Channel 7",LIAR,0.0,0.0,0.3182
4352.json,true,The estimated savings of this (debt ceiling) deal only pay for half of the cost of extending all of the Bush-era tax cuts for another decade.,"deficit,federal-budget",bobby-scott,U.S. Congressman,Virginia,democrat,1.0,2.0,1.0,5.0,0.0,a news release.,LIAR,0.0,0.0,-0.6678
1586.json,mostly-true,"Rubio admitted he ""would have accepted the stimulus money.""",economy,charlie-crist,,Florida,democrat,15.0,9.0,20.0,19.0,2.0,a news release,LIAR,0.0,0.0,0.3612
8032.json,barely-true,"This is the same (farm) bill we voted on a few weeks ago, with the exception of one or two sentences.","agriculture,federal-budget",john-boehner,Speaker of the House of Representatives,Ohio,republican,13.0,22.0,11.0,4.0,2.0,a news conference,LIAR,0.0,0.0,0.0516
1391.json,true,"During his tenure as mayor, he saw Houstons crime rates drop to the lowest levels in more than 25 years.",crime,bill-white,Former mayor of Houston,Texas,democrat,2.0,3.0,5.0,7.0,3.0,the biography on his campaign Web site,LIAR,0.0,0.0,-0.802
515.json,half-true,Casualties and deaths are at (their) lowest point since literally the beginning of the war.,iraq,john-mccain,U.S. senator,Arizona,republican,31.0,39.0,31.0,37.0,8.0,"a town hall meeting in Nashville, Tenn.",LIAR,0.0,0.0,-0.7579
5025.json,barely-true,Says a trash mound on U.S. 290 is 800 feet tall.,"county-government,environment",richard-franklin-iii,,Texas,democrat,1.0,0.0,0.0,0.0,0.0,an address to the Central Texas Democratic Forum,LIAR,0.0,0.0,0.0
667.json,true,McCain voted 19 times against a minimum-wage increase.,federal-budget,joe-biden,U.S. senator,Delaware,democrat,11.0,10.0,21.0,16.0,4.0,a speech at the Democratic National Convention in Denver,LIAR,0.0,0.0,0.3182
5903.json,half-true,Says Lee Leffingwell raised property taxes 20 percent in three years.,"city-budget,city-government,taxes",brigid-shea,"Principal, Carbon Shrinks LLC",Texas,democrat,0.0,0.0,1.0,1.0,0.0,a campaign mailer.,LIAR,0.0,0.0,0.0
3886.json,mostly-true,"Out of 150,000 tenured teachers in the last 10 years, only 17 have been dismissed for incompetence.",education,chris-christie,Governor of New Jersey,New Jersey,republican,10.0,17.0,27.0,19.0,8.0,a speech at the Harvard Graduate School of Education,LIAR,0.0,0.0,-0.5106
12063.json,pants-fire,"Says Hillary Clinton told the Des Moines Register on Aug. 8, 2015:I will get the NRA shut down for good if I become president. If we can ban handguns, we will do it.",guns,viral-image,,,none,5.0,5.0,0.0,3.0,15.0,a blog post and subsequently reposted on Facebook.,LIAR,0.05,0.0,-0.1779
7755.json,half-true,Says Texas leads the nation in fatal industrial accidents.,labor,jim-marston,"Environmental Defense Fund vice president of energy program, director of Texas regional office",Texas,organization,0.0,0.0,1.0,0.0,0.0,a Texas Tribune interview,LIAR,0.0,0.0,-0.7003
9922.json,mostly-true,Much more than 50 percentof parents out there are spankers.,families,donald-trump,President-Elect,New York,republican,63.0,114.0,51.0,37.0,61.0,"an interview on ESPN's ""Mike and Mike""",LIAR,0.0,0.0,0.0
9058.json,false,The American slave trade caused 5 million deaths or more.,history,jon-stewart,,,none,0.0,2.0,1.0,1.0,1.0,"a broadcast of ""The Daily Show""",LIAR,0.0,0.0,0.0
4088.json,true,There are actually half a million fewer government employees now than there were when (President Barack) Obama took office.,"economy,government-efficiency,jobs,pundits,workers",paul-krugman,New York Times columnist,,none,0.0,2.0,3.0,4.0,0.0,"a ""New York Times"" column",LIAR,0.0,0.0,0.0
3412.json,mostly-true,Tapping the Strategic Petroleum Reserve would immediately lower gasoline prices,energy,jeff-merkley,U.S. Senator,Oregon,democrat,0.0,1.0,3.0,6.0,0.0,a letter to President Barack Obama,LIAR,0.0,0.0,-0.296
12949.json,barely-true,Says a CNN anchor said that Hillary Clinton has gotten a free ride so far from the media. Were the biggest ones supporting her campaign.,pundits,donald-trump,President-Elect,New York,republican,63.0,114.0,51.0,37.0,61.0,a fundraising email,LIAR,0.05,0.0,0.7351
7561.json,barely-true,"Every day, about 100 people will be arrested for possession of marijuana in Georgia.","criminal-justice,drugs,marijuana",james-bell,"Director, Georgia C.A.R.E.",Georgia,none,1.0,0.0,0.0,0.0,0.0,press release,LIAR,0.0,0.0,-0.4767
11054.json,mostly-true,"The United States ranks second worst in income inequality across developed countries, after taxes and transfers.","economy,income,wealth",bobby-scott,U.S. Congressman,Virginia,democrat,1.0,2.0,1.0,5.0,0.0,a written statement.,LIAR,0.0,0.0,-0.3182
8998.json,half-true,The Redskins Training Camp deal generated $40 million in new private investment in the city.,"city-government,job-accomplishments",dwight-jones,"Mayor, City of Richmond",Virginia,democrat,1.0,1.0,1.0,1.0,0.0,a speech,LIAR,0.0,0.0,0.0
8364.json,half-true,"This year, the federal government will have more revenue than any year in the history of our country.","economy,federal-budget,taxes",john-boehner,Speaker of the House of Representatives,Ohio,republican,13.0,22.0,11.0,4.0,2.0,"an interview on ABC's ""This Week""",LIAR,0.0,0.0,0.0
10622.json,barely-true,There was just about zero press coverage of the 2007 Bush White House email controversy.,transparency,juan-williams,"Pundit, Fox News",,none,2.0,0.0,2.0,1.0,0.0,"comments on ""Fox News Sunday""",LIAR,0.0,0.0,0.0
6169.json,mostly-true,"Over the last few decades, the income of the top 1 percent grew by more than 275 percent -- to an average of $1.3 million a year.","economy,income,wealth",barack-obama,President,Illinois,democrat,70.0,71.0,160.0,163.0,9.0,a campaign speech,LIAR,0.0,0.0,0.2023
10190.json,barely-true,"Every time weve increased the minimum wage, weve seen a growth in jobs.","economy,income,jobs,labor,small-business,workers",ben-cardin,Senator,Maryland,democrat,1.0,0.0,0.0,0.0,0.0,"an interview on ""Fox News Sunday""",LIAR,0.0,0.0,0.5719
634.json,mostly-true,It (Georgia) was one of the earliest Christian nations. The king of then-Georgia in the third century converted to Christianity.,religion,john-mccain,U.S. senator,Arizona,republican,31.0,39.0,31.0,37.0,8.0,"Saddleback Valley Community Church in Orange County, Calif.",LIAR,0.0,0.0,0.0
5343.json,half-true,"Says a federal judge in San Antonio issued a ruling that not only could the students not pray at their graduation, if they used the word benediction, the word invocation, the word God, asked the audience to stand or asked for a moment of silence, he would put the superintendent in jail.","legal-issues,religion",newt-gingrich,"Co-host on CNN's ""Crossfire""",Georgia,republican,16.0,15.0,20.0,10.0,11.0,remarks after winning the South Carolina Republican presidential primary,LIAR,0.0,0.0,0.0356
6390.json,mostly-true,"In her nearly decade and (a) half in Congress, Tammy Baldwin has sponsored 105 bills. Only three have been enacted into law.","bipartisanship,congress,job-accomplishments",jeff-fitzgerald,Incoming speaker of state Assembly,Wisconsin,republican,2.0,0.0,1.0,2.0,2.0,a news release,LIAR,0.0,0.0,0.0
2435.json,true,Theres a big chunk of the country that thinks that I have been too soft on Wall Street.,"corporations,economy,market-regulation",barack-obama,President,Illinois,democrat,70.0,71.0,160.0,163.0,9.0,a town hall meeting,LIAR,0.0,0.0,0.0
5981.json,half-true,On transportation financing,"state-budget,transportation",chris-christie,Governor of New Jersey,New Jersey,republican,10.0,17.0,27.0,19.0,8.0,an Assembly Budget Committee hearing,LIAR,0.0,0.0,0.0
8982.json,true,Seventy-five percent of the young adults in this country are not mentally or physically fit to serve.,military,bing-west,"Author, retired Marine officer",Rhode Island,none,0.0,0.0,0.0,0.0,0.0,a radio interview,LIAR,0.0,0.0,0.3612
8872.json,false,"According to (Barack) Obamas newest unconstitutionally enacted law, health care professionals are now required to violate HIPAA privacy laws and submit medical data to the government, which is then used as justification for gun confiscation.","guns,health-care,privacy",mr-conservative,Conservative website,,none,0.0,1.0,0.0,0.0,1.0,a blog post,LIAR,0.05,0.0,-0.34
9719.json,half-true,"In the do-nothing Senate, there are 352 House bills sitting on Harry Reids desk awaiting action, including 55 introduced by Democrats.","congress,congressional-rules",lynn-jenkins,U.S. House of Representatives,Kansas,republican,0.0,0.0,1.0,0.0,0.0,a press conference,LIAR,0.0,0.0,0.0
10664.json,pants-fire,Says Ted Cruz just flip-flopped about the president needing to be U.S.-born.,candidates-biography,facebook-posts,Social media posting,,none,14.0,18.0,15.0,11.0,36.0,an online meme,LIAR,0.0,0.0,0.0
632.json,false,"Barack Obama ""openly supported (opposition leader) Raila Odinga during his visit to Africa in 2006.""",foreign-policy,jerome-corsi,author,New Jersey,constitution-party,0.0,2.0,0.0,0.0,1.0,his book <i>The Obama Nation</i>. ,LIAR,0.0,0.0,0.3182
9570.json,half-true,Another great endorsement! Barrow Journal explains the difference between me and Jody Hice.,elections,mike-collins,"co-owner, Collins Industries",Georgia,republican,1.0,0.0,1.0,1.0,0.0,a Twitter post,LIAR,0.08,0.0,0.7712
3017.json,mostly-true,More than 125 jobs have been created at the Milwaukee Job Corps Center.,"job-accomplishments,jobs",tom-barrett,Mayor of Milwaukee,Wisconsin,democrat,2.0,5.0,8.0,5.0,3.0,a newsletter to Milwaukee residents,LIAR,0.0,0.0,0.25
1978.json,false,On whether a U.S. Supreme Court nominee should be forthcoming at confirmation hearings.,"kagan-nomination,supreme-court",elena-kagan,U.S. solicitor general,New York,democrat,0.0,0.0,1.0,0.0,0.0,a law review article,LIAR,0.0,0.0,0.5574
9245.json,false,"Ryan Sittons company accepted over $650,000 in Obama stimulus dollars.","candidates-biography,small-business,stimulus",young-conservatives-texas,Political group,Texas,republican,0.0,1.0,0.0,0.0,0.0,a press release,LIAR,0.0,0.0,0.2732
3936.json,mostly-true,An amendment inserted by lawmakers into the state budget exempts scientific researchers from all state animal cruelty laws.,"animals,state-budget",wisconsin-humane-society,Outside Group ,Wisconsin,organization,0.0,0.0,0.0,1.0,0.0,a news release,LIAR,0.0,0.0,-0.5994
9936.json,pants-fire,SaysPresident Obama hijacked the farm bill (and) turned it into a food stamp bill.,"agriculture,congress,voting-record,welfare",tom-cotton,U.S. House of Representatives,Arkansas,republican,3.0,4.0,2.0,3.0,1.0,a campaign ad,LIAR,0.0,0.0,0.0
13299.json,barely-true,Says Hillary Clinton wants to have open borders.,"crime,foreign-policy,homeland-security,human-rights,immigration",donald-trump,President-Elect,New York,republican,63.0,114.0,51.0,37.0,61.0,the third 2016 presidential debate,LIAR,0.0,0.0,0.0
5616.json,true,"Every poll you see, the overwhelming majority of people want [E-Verify].","immigration,polls,workers",peter-palumbo,State Representative,Rhode Island,democrat,3.0,1.0,1.0,0.0,0.0,a talk radio show.,LIAR,0.0,0.0,0.0772
7072.json,false,We have more hospitals that are childrens hospitals than any other state in the union. ,health-care,bill-batchelder,State representative,Ohio,republican,0.0,1.0,1.0,1.0,3.0,an interview with The Plain Dealer,LIAR,0.0,0.0,0.0
11480.json,half-true,"Because of Obamacare peoples premiums ...are going up 35, 45, 55 percent.",health-care,donald-trump,President-Elect,New York,republican,63.0,114.0,51.0,37.0,61.0,"comments on ABC's ""This Week""",LIAR,0.0,0.0,0.0
4461.json,false,"An amazing 5,400 jobs were lost in the first 12 months of the (smoking) bans implementation in Ohios hospitality industry alone.",public-health,chris-mccalla,"egislative director of the Columbus, Ga.-based International Premium Cigar & Pipe Retailers Associat",Georgia,organization,0.0,1.0,0.0,0.0,0.0,Press Release,LIAR,0.0,0.0,0.128
5921.json,pants-fire,Says President Barack Obamas finance team is recommending a 1% tax on all transactions at any financial institution.,"social-security,taxes",chain-email,,,none,11.0,43.0,8.0,5.0,105.0,a chain e-mail,LIAR,0.0,0.0,0.0
7016.json,barely-true,"Says when he was governor, most of the Democrats voted for his billion-dollar property-tax cuts, but U.S. Senate rival Tammy Baldwin voted against it.","state-budget,taxes,voting-record",tommy-thompson,,Wisconsin,republican,6.0,8.0,2.0,5.0,3.0,debate comments,LIAR,0.0,0.0,-0.1531
11255.json,mostly-true,"Bernie Sanders opposes the death penalty, and Hillary Clinton supports it.","crime,criminal-justice",viral-image,,,none,5.0,5.0,0.0,3.0,15.0,an Internet graphic,LIAR,0.0,0.0,-0.6597
12891.json,true,Overdosing is now the number one accidental killer in our Commonwealth.,drugs,josh-shapiro,,Pennsylvania,democrat,0.0,0.0,0.0,0.0,0.0,a platform on his campaign website,LIAR,0.0,0.0,-0.6486
10487.json,mostly-true,Says a lawmaker seeks to defund Planned Parenthood for cutting children into small pieces.,abortion,miscellany-blue,Blog site,New Hampshire,democrat,0.0,0.0,0.0,1.0,0.0,a web post,LIAR,0.0,0.0,-0.128
9587.json,false,"On the last night of the General Assembly, by 11 oclock 95 to 98 percent of the business was done. So we really didnt have that late-night session. We were just holding on one bill.","government-efficiency,history,job-accomplishments,voting-record",nicholas-mattiello,Speaker of the House,Rhode Island,democrat,0.0,3.0,0.0,0.0,0.0,"an interview on WPRI's ""Newsmakers.""",LIAR,0.0,0.0,0.0
1123.json,false,Health care reform legislation is likely to mandate free sex change surgeries.,health-care,blog-posting,,,none,7.0,19.0,3.0,5.0,44.0,a news release,LIAR,0.0,0.0,0.7579
3755.json,true,Failure to raise the debt limit does not force a U.S. default on debt payments.,"deficit,economy,federal-budget",randy-forbes,Representative,Virginia,republican,1.0,0.0,4.0,3.0,0.0,a statement.,LIAR,0.0,0.0,-0.8074
630.json,true,On torture.,military,john-mccain,U.S. senator,Arizona,republican,31.0,39.0,31.0,37.0,8.0,,LIAR,0.0,0.0,-0.5994
8696.json,false,"Protesters in La Crosse blocked an exit and surrounded a State Patrol car carrying the governor and were beating on the windows and rocking the vehicle. When the car was extricated from the crowd, a truck blocked a second exit.","labor,state-budget,unions",scott-walker,Milwaukee County Executive,Wisconsin,republican,26.0,41.0,32.0,40.0,11.0,a book,LIAR,0.0,0.0,-0.7964
11770.json,true,SaysBernie Sanders has reversed his position on immunity for gun manufacturers and sellers.,"guns,legal-issues",hillary-clinton,Presidential candidate,New York,democrat,40.0,29.0,69.0,76.0,7.0,comments during the South Carolina Democratic presidential debate,LIAR,0.0,0.0,-0.34
5043.json,pants-fire,What is the proper collective noun for a group of baboons? Believe it or not . . . a Congress!,"animals,congress,history,polls",chain-email,,,none,11.0,43.0,8.0,5.0,105.0,a message via the Internet,LIAR,0.08,0.0,0.0
3939.json,half-true,"The Medicare drug program resulted in the program coming in 40 percent under budget. ... And the reason it was, is because the design was right.","federal-budget,health-care,medicare,retirement",rick-santorum,,Pennsylvania,republican,12.0,16.0,13.0,7.0,5.0,a debate in South Carolina,LIAR,0.0,0.0,0.0
11462.json,mostly-true,Some 8.1 million of the estimated 11 million to 12 million people in this country illegally are working.,"foreign-policy,homeland-security,immigration,market-regulation,workers",ron-johnson,,Wisconsin,republican,14.0,6.0,10.0,10.0,1.0,an interview,LIAR,0.0,0.0,0.0
4164.json,mostly-true,Theres pretty much no question that [the curfew ordinances] arent effective in either reducing crime or preventing harm to young people.,criminal-justice,mike-males,"Researcher, Center on Juvenile and Criminal Justice",,none,0.0,0.0,0.0,1.0,0.0,an article ,LIAR,0.0,0.0,-0.825
7686.json,mostly-true,The Boston Marathon bombing is the fifth case in which U.S. government officials examined individuals potentially involved in terrorism and felt they were no threat and they went on to carry out terrorist murders.,terrorism,peter-king,U.S. House of Representatives,New York,republican,0.0,1.0,1.0,2.0,1.0,an interview with MSNBC,LIAR,0.0,0.0,-0.9104
11890.json,pants-fire,"While states used to have regulatory power over fishing, federal law now regulates down to the tenth of the inch the minimum size of fish that anglers can keep.","market-regulation,states",greg-abbott,governor,Texas,republican,11.0,3.0,8.0,6.0,5.0,a 90-page manifesto decrying federal overreach,LIAR,0.0,0.0,0.0
6717.json,barely-true,Defends his vote to push retirement age to 70 by saying he is for a process that would not be fully implemented until around the turn of the century.,"retirement,social-security,voting-record",scott-desjarlais,4th Congressional District's congressman,Tennessee,republican,1.0,0.0,0.0,1.0,0.0,an interview  with The Daily News Journal of Murfreesboro,LIAR,0.0,0.0,0.0
5009.json,false,Hydrogen sulfide . . . [was] used in the genocide of Jews in Germany.,"environment,government-regulation,public-health,public-safety,science",michael-chippendale,State Representative,Rhode Island,republican,1.0,1.0,0.0,1.0,0.0,a public forum,LIAR,0.0,0.0,0.0
8729.json,mostly-true,"US: Change in Income, 2009-13. Top 1%: +31.4%. Bottom 99%: +0.4%.",economy,ian-bremmer,President and founder of the Eurasia Group,New York,none,0.0,0.0,0.0,1.0,0.0,a tweet,LIAR,0.0,0.0,0.2023
231.json,false,"If we went back to the obesity rates that existed in 1980, that would save the Medicare system a trillion dollars.",health-care,barack-obama,President,Illinois,democrat,70.0,71.0,160.0,163.0,9.0,"Johnston, Iowa",LIAR,0.0,0.0,0.4939
6165.json,half-true,"Says the Constitution specifically states the Congress shall write legislation for immigration policy, so Barack Obama lacks the authority to defer the deportation of young illegal immigrants.","immigration,legal-issues",john-carter,U.S. House of Representatives,Texas,republican,0.0,3.0,1.0,2.0,2.0,a radio interview.,LIAR,0.0,0.0,-0.6705
7873.json,mostly-true,"If Obamacare is fully implemented, 30 million people will still be without health insurance.",health-care,bob-gibbs,Representative from Ohio's 18th Congressional District,Ohio,republican,0.0,0.0,0.0,1.0,1.0,a tweet,LIAR,0.0,0.0,0.0
1865.json,half-true,Our school test scores are right at the bottom.,education,thurbert-baker,Attorney General,Georgia,democrat,0.0,0.0,1.0,0.0,0.0,a speech,LIAR,0.0,0.0,0.0
12021.json,false,SaysMichael Bennet wants to close Guantanamo Bay prisonand bring terrorists right here to Colorado.,"congress,terrorism",jon-keyser,,Colorado,republican,0.0,1.0,0.0,0.0,1.0,a candidate forum ,LIAR,0.0,0.0,-0.6249
13360.json,half-true,"Says an election clerk in Green Bay refused to allow early voting on the UW-Green Bay campus because she was afraid it would help Democrats, showing outrageous partisan bias.","bipartisanship,city-government,education,elections",our-democracy-2020,,,organization,0.0,0.0,1.0,0.0,0.0,a news release,LIAR,0.15,0.0,-0.25
7025.json,false,"Says that when Congressman (Steve) Cohen took office in 2007, the unemployment rate was at 4.8 percent. The unemployment rate in Shelby County has reached 9.7 percent.",jobs,george-flinn,Radiologist and radio station owner,Tennessee,republican,0.0,1.0,0.0,0.0,1.0,in campaign mail piece,LIAR,0.0,0.0,-0.6597
11106.json,half-true,The United States isfighting with Iraqis to defeat ISIS along with Iran. But in Yemen were fighting Iran with Iraqis and Saudis.,"iraq,military",jon-stewart,,,none,0.0,2.0,1.0,1.0,1.0,"an interview on ""The Daily Show""",LIAR,0.05,0.0,-0.5187
9996.json,true,"[When I was mayor] Providence was one of the five renaissance cities of America, according to USA Today in those days. Money magazine said it was the fifth best city to live in in America. In addition to that, All Cities Almanac said in 1994, I believe, that it was the safest city in America.","candidates-biography,city-government,debates,job-accomplishments",vincent-buddy-cianci,,Rhode Island,independent,0.0,2.0,1.0,2.0,1.0,a TV debate,LIAR,0.05,0.0,0.7845
2238.json,true,The unemployment rate for folks whove never gone to college is almost double what it is for those who have.,"economy,education",barack-obama,President,Illinois,democrat,70.0,71.0,160.0,163.0,9.0,a speech at the University of Texas at Austin,LIAR,0.0,0.0,-0.4404
2053.json,mostly-true,"$120,000 will be spent by taxpayers on Charlie Crists political photo-op special session.","oil-spill,state-budget",marco-rubio,U.S. Senator,Florida,republican,33.0,24.0,32.0,35.0,5.0,a press release,LIAR,0.0,0.0,0.4019
10058.json,half-true,"832,000 people lost their job while (Charlie Crist was)governor.","economy,jobs",rick-scott,Governor,Florida,republican,28.0,23.0,38.0,34.0,7.0,a gubernatorial debate in Miramar,LIAR,0.0,0.0,-0.3182
7513.json,mostly-true,"Ohio Republicans made significant gains during [Chris McNultys] time at the ORP, including the extremely successful re-election of President Bush in Ohio.","elections,states",bob-bennett,Ohio Republican Party chairman,Ohio,republican,0.0,0.0,0.0,1.0,0.0,a news release ,LIAR,0.05,0.0,0.807
12323.json,barely-true,Says both Donald Trump and Hillary Clinton say Planned Parenthood is terrificand that it should keep taxpayer funding.,abortion,ted-cruz,Senator,Texas,republican,36.0,33.0,15.0,19.0,8.0,"an interview on ""Meet the Press""",LIAR,0.0,0.0,0.0
11808.json,half-true,Says Barack Obamas administration has admitted that money from its Iran nuclear deal would go directly to terrorism.,"china,foreign-policy,nuclear,terrorism",ron-johnson,,Wisconsin,republican,14.0,6.0,10.0,10.0,1.0,a campaign email,LIAR,0.0,0.0,-0.6369
6404.json,pants-fire,Says Mitt Romney did not pay taxes for 10 years.,"candidates-biography,taxes",harry-reid,Senate Democratic Leader,Nevada,democrat,4.0,5.0,3.0,7.0,3.0,an interview with the Huffington Post,LIAR,0.0,0.0,0.0762
3372.json,half-true,"Says Justice Elena Kagan recused herself in many cases where she had little role as solicitor general, simply because of the appearance of a conflict of interest.",legal-issues,anthony-weiner,,New York,democrat,2.0,1.0,2.0,0.0,0.0,an interview on Fox News,LIAR,0.0,0.0,0.6249
392.json,half-true,I helped to bring peace to Northern Ireland.,foreign-policy,hillary-clinton,Presidential candidate,New York,democrat,40.0,29.0,69.0,76.0,7.0,"an interview on CNN's ""American Morning.""",LIAR,0.0,0.0,0.5423
4098.json,mostly-true,Theres no scientific conclusion that (being gay) is genetic.,"gays-and-lesbians,science",tim-pawlenty,,,republican,2.0,3.0,3.0,6.0,1.0,"an interview on NBC's ""Meet the Press""",LIAR,0.0,0.0,-0.296
2064.json,half-true,Illegal aliens are costing Georgia taxpayers over a billion dollars every year.,"immigration,message-machine",nathan-deal,,,republican,9.0,5.0,11.0,11.0,0.0,a TV campaign commercial,LIAR,0.0,0.0,-0.5574
8873.json,half-true,What is and isnt a Schedule I narcotic is a job for Congress.,"congress,drugs,legal-issues",barack-obama,President,Illinois,democrat,70.0,71.0,160.0,163.0,9.0,an interview with CNN,LIAR,0.0,0.0,0.0
13038.json,pants-fire,"Says President Barack Obama has taken less vacation days than any other president in a generation, while Congress has taken more vacation days than any other Congress in history.","bush-administration,congress,fake-news,government-efficiency,history,job-accomplishments,voting-record",occupy-democrats,,,organization,0.0,4.0,3.0,1.0,4.0,a posting on Facebook,LIAR,0.0,0.0,0.0
117.json,false,We spent $223-million on a bridge in Alaska to an island with 50 people on it.,federal-budget,john-mccain,U.S. senator,Arizona,republican,31.0,39.0,31.0,37.0,8.0,"a speech in Nashua, N.H.",LIAR,0.0,0.0,0.0
3220.json,barely-true,"Overall we currently have $981 million, almost a billion dollars in active development projects right here in the City of Richmond.",economy,dwight-jones,"Mayor, City of Richmond",Virginia,democrat,1.0,1.0,1.0,1.0,0.0,his annual State of the City Address.,LIAR,0.0,0.0,0.4019
1728.json,pants-fire,Links jailed lobbyist Jack Abramoff to Rep. C.W. Bill Young.,"candidates-biography,elections,message-machine",charlie-justice,,,democrat,0.0,0.0,1.0,0.0,1.0,a web ad.,LIAR,0.0,0.0,-0.4939
11555.json,pants-fire,Says that Starbucks took Christmas off of their brand new cups.,religion,joshua-feuerstein,,,republican,0.0,0.0,0.0,0.0,1.0,a video,LIAR,0.0,0.0,0.0
8569.json,barely-true,"In Jeanne Shaheen, New Hampshire has a Senator who was the deciding vote to pass Obamacare.","health-care,voting-record",jim-rubens,Small business owner,New Hampshire,republican,1.0,1.0,0.0,1.0,0.0,an email,LIAR,0.0,0.0,0.0
2523.json,false,"More lives have been lost because of the war with the drug cartels in Juarez alone, just a few blocks from the United States of America, than have been lost in the war in Afghanistan.","afghanistan,crime,immigration",greg-abbott,governor,Texas,republican,11.0,3.0,8.0,6.0,5.0,an interview with Fox News,LIAR,0.0,0.0,-0.91
10013.json,mostly-true,Republican House candidateMarilinda Garcia even opposes closing the loophole that allows dangerous criminals to get a gun without a background check.,guns,americans-responsible-solutions,,,none,1.0,0.0,1.0,2.0,0.0,an ad,LIAR,0.0,0.0,-0.8481
5707.json,mostly-true,"Under President Obama, domestic oil production is at an eight-year high.",energy,barack-obama,President,Illinois,democrat,70.0,71.0,160.0,163.0,9.0,a TV ad.,LIAR,0.0,0.0,0.0
1288.json,barely-true,"A new federal program provides subsidized ""Obama phones"" with 70 free minutes of cell phone service every month.","poverty,taxes",chain-email,,,none,11.0,43.0,8.0,5.0,105.0,a chain e-mail,LIAR,0.0,0.0,0.5106
11811.json,half-true,"Says U.S. Sen. Ron Johnson wants to put 100,000 troops, including 25,000 Americans, into the area where ISIS is.","foreign-policy,iraq,military,terrorism",russ-feingold,,Wisconsin,democrat,2.0,4.0,7.0,5.0,1.0,an interview,LIAR,0.05,0.0,0.0
9340.json,barely-true,Estimates for adopting Obamacares Medicaid expansion show it will cost Virginia taxpayers $902 million through 2022.,"medicaid,state-budget",campaign-liberty,,,republican,1.0,0.0,0.0,0.0,0.0,a petition.,LIAR,0.0,0.0,0.0
6892.json,mostly-true,Says that Josh Mandel voted to let insurance companies deny coverage for autism,"education,health-care,message-machine-2012",national-education-association,,,none,0.0,0.0,0.0,1.0,0.0,a television ad,LIAR,0.0,0.0,-0.34
11513.json,barely-true,"It has been estimated that nearly 40 percent of all guns sold in America are sold by private, unlicensed sellers either online or through gun shows.",guns,terry-mcauliffe,Governor,Virginia,democrat,12.0,6.0,2.0,2.0,3.0,an executive order.,LIAR,0.0,0.0,-0.34
824.json,half-true,"If parents ""don't have health insurance that Senator Obama wants them to have (for their children), they will be fined.""",health-care,john-mccain,U.S. senator,Arizona,republican,31.0,39.0,31.0,37.0,8.0,"Waterloo, Iowa",LIAR,0.0,0.0,0.0
3944.json,barely-true,The president came in and campaigned against me 12 times.,"elections,job-accomplishments",john-kasich,"Governor of Ohio as of Jan. 10, 2011",Ohio,republican,9.0,8.0,10.0,18.0,3.0,an interview on Fox News,LIAR,0.0,0.0,0.0
3716.json,half-true,Prices are going up. Unemployment is continuing to go up.,"economy,jobs",ron-paul,U.S. representative,Texas,republican,5.0,8.0,8.0,8.0,3.0,a presidential debate,LIAR,0.0,0.0,-0.4404
13464.json,false,The @nytimes sent a letter to their subscribers apologizing for their BAD coverage of me.,elections,donald-trump,President-Elect,New York,republican,63.0,114.0,51.0,37.0,61.0,a tweet,LIAR,0.05,0.0,-0.6739
8843.json,true,Quarterbacks won the (Super Bowl) MVP more than 50 percent of the time.,sports,marshall-faulk,NFL Network analyst,,none,0.0,0.0,0.0,0.0,0.0,comments on the NFL Network,LIAR,0.05,0.0,0.8225
1043.json,false,On calling Supreme Court nominee Sonia Sotomayor a racist.,"sotomayor-nomination,supreme-court",newt-gingrich,"Co-host on CNN's ""Crossfire""",Georgia,republican,16.0,15.0,20.0,10.0,11.0,a statement on the Human Events Web site,LIAR,0.0,0.0,-0.1027
11585.json,mostly-true,The United States (is) the largest provider of humanitarian assistance to displaced persons and refugees.,"foreign-policy,terrorism",barack-obama,President,Illinois,democrat,70.0,71.0,160.0,163.0,9.0,a joint statement with the president of Turkey.,LIAR,0.0,0.0,0.4215
13017.json,mostly-true,"Young women, account for a shocking 74% of all new HIV infections among adolescents in Africa.",public-health,justin-trudeau,Prime Minister of Canada,,liberal-party-canada,0.0,0.0,0.0,1.0,0.0,a letter,LIAR,0.2,0.0,-0.4019
7245.json,true,"Says if you are on your bike in a crosswalk, all you have to do is dip your wheel into the road and cars must legally stop.",transportation,bikeportlandorg,,Oregon,none,0.0,0.0,0.0,0.0,0.0,a tweet. ,LIAR,0.0,0.0,-0.2023
2702.json,true,Your tellers were paid kickbacks for directing elderly consumers from ... safe deposits to risky ones.,"candidates-biography,ethics,financial-regulation,legal-issues",rick-scott,Governor,Florida,republican,28.0,23.0,38.0,34.0,7.0,a CNN/St. Petersburg Times debate.,LIAR,0.0,0.0,0.2732
64.json,half-true,Our whole food system in this country...most of it is genetically engineered. And (there is) no testing for the health consequences of this food.,consumer-safety,dennis-kucinich,U.S. representative,Ohio,democrat,1.0,3.0,4.0,6.0,0.0,a forum on cancer organized by Lance Armstrong.,LIAR,0.0,0.0,-0.296
5872.json,true,There has not been a Democratic woman in Congress from New Jersey in almost four decades.,"elections,message-machine-2012",nia-gill,State Senator,New Jersey,democrat,0.0,0.0,0.0,0.0,0.0,an interview on NJToday,LIAR,0.0,0.0,0.0
7580.json,true,On recusing herself from cases after receiving a campaign contribution,"campaign-finance,legal-issues",patience-roggensack,Wisconsin Supreme Court justice,Wisconsin,none,0.0,0.0,0.0,1.0,0.0,a radio interview,LIAR,0.0,0.0,0.0
10842.json,true,Accidents are down 50 percent and injury accidents are down 60 percent in the rebuilt Marquette Interchange in Milwaukee.,"public-safety,state-budget,transportation",wisconsin-transportation-builders-association,,Wisconsin,organization,0.0,0.0,0.0,0.0,0.0,a radio ad,LIAR,0.0,0.0,-0.7506
10596.json,false,"Every illegal immigrant can be eligible for up to $36,000 to $38,000 in earned income tax credits without paying a dime in.","immigration,taxes",john-fredericks,Talks show host,Virginia,talk-show-host,0.0,1.0,0.0,0.0,0.0,a radio show.,LIAR,0.0,0.0,-0.2732
3344.json,false,Were broke. We dont have any more money.,"labor,state-budget",scott-walker,Milwaukee County Executive,Wisconsin,republican,26.0,41.0,32.0,40.0,11.0,a news conference and many other venues,LIAR,0.0,0.0,-0.4215
7539.json,false,"Says Houston is home to more doctors, more nurses, more researchers than any other place in the world.","health-care,medicaid,public-health",rick-perry,Governor,Texas,republican,30.0,30.0,42.0,23.0,18.0,"remarks at a Washington, D.C. event.",LIAR,0.0,0.0,0.0
5594.json,half-true,"Despite President Barack Obamas promise to cut healthcare costs, the average cost of a family policy is up $1,300.","health-care,message-machine-2012",republican-national-committee-republican,,,republican,6.0,6.0,11.0,5.0,2.0,a campaign ad,LIAR,0.0,0.0,0.0516
3665.json,half-true,Says Florida is one of a few or perhaps the only state that has a statewide review of local land use and zoning decisions.,"environment,transportation",chris-dorworth,State Representative,Florida,republican,0.0,0.0,1.0,0.0,0.0,comments on the House floor.,LIAR,0.0,0.0,0.0
11258.json,true,"Georgia has the 9th highest rate of adults, ages 18 to 64, without a high school diploma or GED.","education,states",melissa-johnson,,,none,0.0,0.0,0.0,0.0,0.0,a report,LIAR,0.05,0.0,0.0
11020.json,false,50 percentof murders in Texas have been linked to illegal aliens.,"crime,immigration",gavin-mcinnes,,,none,0.0,1.0,0.0,0.0,1.0,"a broadcast of ""The Greg Gutfeld Show""",LIAR,0.0,0.0,-0.8225
12535.json,pants-fire,ISIS is running through a border made porous by Barack Obamas policies.,"immigration,terrorism",greg-abbott,governor,Texas,republican,11.0,3.0,8.0,6.0,5.0,addressing the Republican Party of Texas state convention,LIAR,0.05,0.0,0.0
11138.json,pants-fire,"Planned Parenthood is the only health care that a significant number of women get. About 30 percent of women, thats their health care.","abortion,health-care,women",harry-reid,Senate Democratic Leader,Nevada,democrat,4.0,5.0,3.0,7.0,3.0,a Senate floor speech,LIAR,0.0,0.0,0.8176
12934.json,barely-true,"NAFTA, signed by Bill Clinton, has been a disaster for Pennsylvania.",trade,donald-trump,President-Elect,New York,republican,63.0,114.0,51.0,37.0,61.0,an interview with TV station WJAC,LIAR,0.05,0.0,-0.6249
5260.json,false,This president went before the United Nations and castigated Israel for building settlements. He said nothing about thousands of rockets being rained in on Israel from the Gaza Strip.,"israel,terrorism",mitt-romney,Former governor,Massachusetts,republican,34.0,32.0,58.0,33.0,19.0,"a debate in Jacksonville, Fla.",LIAR,0.0,0.0,0.4215
1837.json,true,"The president has added close to 68,000 troops in the last year, since he came into office, not just the 30,000 you hear, but the others that were added before that.","afghanistan,foreign-policy,military,abc-news-week",colin-powell,,,republican,0.0,0.0,1.0,0.0,0.0,"an interview on ABC News' ""This Week""",LIAR,0.0,0.0,0.0
6335.json,false,"President Obama was saying success is the result of government, not hard-working people, when he said, If youve got a business, you didnt build that. Somebody else made that happen.",economy,mitt-romney,Former governor,Massachusetts,republican,34.0,32.0,58.0,33.0,19.0,an introduction to a web video,LIAR,0.0,0.0,0.5719
7021.json,half-true,"Says New Jersey lost private-sector jobs between 2000 and 2009 because Democrats increased taxes, fees, regulations and state spending.",jobs,chris-christie,Governor of New Jersey,New Jersey,republican,10.0,17.0,27.0,19.0,8.0,a campaign event in New Hampshire,LIAR,0.0,0.0,-0.0516
11353.json,barely-true,The tax policies of George W. Bush created a dynamic effect of high growth.,"economy,taxes",jeb-bush,,Florida,republican,17.0,5.0,17.0,24.0,2.0,"an interview on ""Fox News Sunday""",LIAR,0.0,0.0,0.7351
13466.json,true,Newt Gingrich has been a proponent of selecting a president by popular vote instead of the Electoral College.,elections,various-media-reports,reporting,Georgia,none,0.0,0.0,0.0,0.0,0.0,news media reports,LIAR,0.0,0.0,0.4215
4704.json,barely-true,"Says that we brought CHI Manufacturing, that had business in China, back to Texas.","economy,job-accomplishments,jobs",rick-perry,Governor,Texas,republican,30.0,30.0,42.0,23.0,18.0,the Blooomberg/Washington Post Republican presidential debate.,LIAR,0.05,0.0,0.0
2463.json,false,A $300 million stimulus allocation to Wisconsin has led to the creation of tens of thousands of jobs in every corner of this state.,"job-accomplishments,stimulus",tom-nelson,,Wisconsin,democrat,0.0,1.0,1.0,0.0,0.0,a radio interview,LIAR,0.0,0.0,0.2732
4103.json,mostly-true,"Says for the first time in the history of the United States, the government cut taxes during wartime","afghanistan,bush-administration,corrections-and-updates,iraq,taxes",cory-booker,U.S. senator,New Jersey,democrat,0.0,4.0,2.0,8.0,0.0,an interview on NPR’s “Tell Me More” with Michel Martin,LIAR,0.0,0.0,0.1779
12164.json,false,"It was (Rob Portmans) job to stop Chinas illegal dumping of steel. He failed, looked the other way, did nothing.","china,trade",ted-strickland,Former Ohio governor,Ohio,democrat,2.0,6.0,7.0,4.0,1.0,"campaign ad, ""Beltway Rob""",LIAR,0.0,0.0,-0.9325
11695.json,barely-true,Says President Barack Obamas homeland security budget had $16 million to fight climate change but didnt have a line item to fight violent extremism.,"climate-change,federal-budget,homeland-security,terrorism",sean-duffy,Member of the U.S. House,Wisconsin,republican,5.0,1.0,6.0,1.0,2.0,an interview,LIAR,0.0,0.0,-0.8705
4590.json,mostly-true,Massachusetts has less than 1 percent of our kids that are uninsured. You (Gov. Perry) have a million kids uninsured in Texas.,"health-care,new-hampshire-2012,states",mitt-romney,Former governor,Massachusetts,republican,34.0,32.0,58.0,33.0,19.0,"a Republican presidential debate in Hanover, N.H.",LIAR,0.0,0.0,0.0
3859.json,barely-true,"Every time you buy an airline ticket, the federal government runs a background check on you.","homeland-security,terrorism,transportation",don-zimmerman,Computer systems,Texas,republican,2.0,0.0,0.0,1.0,0.0,a press release.,LIAR,0.0,0.0,0.0
5062.json,half-true,Rick Santorum reformed welfare.,welfare,rick-santorum,,Pennsylvania,republican,12.0,16.0,13.0,7.0,5.0,a video ad,LIAR,0.0,0.0,0.0
6424.json,mostly-true,Aaron Bean voted to give illegal immigrants in-state tuition.,immigration,floridians-ethics-and-truth-politics,,Florida,republican,0.0,1.0,0.0,1.0,0.0,a campaign commercial,LIAR,0.0,0.0,-0.5574
13135.json,barely-true,The only years that anybodys ever seen of Donald Trumps tax returns showed he didnt pay any federal income tax.,"candidates-biography,history,income,campaign-advertising,taxes,wealth",hillary-clinton,Presidential candidate,New York,democrat,40.0,29.0,69.0,76.0,7.0,a Presidential debate,LIAR,0.0,0.0,0.0762
5605.json,mostly-true,Says New Jersey has the most educated population of all the states in this country.,education,sheila-oliver,Assemblywoman,New Jersey,democrat,0.0,1.0,1.0,3.0,0.0,a speech at Rider University,LIAR,0.0,0.0,0.0
6989.json,mostly-true,Says Mitt Romney just gave a speech a few weeks ago and said we should still have troops in Iraq.,"debates,iraq,military",barack-obama,President,Illinois,democrat,70.0,71.0,160.0,163.0,9.0,the third presidential debate,LIAR,0.0,0.0,0.0
320.json,true,"Romney used to favor gun control, and said he didn't want to go back to Reagan-Bush.",guns,john-mccain,U.S. senator,Arizona,republican,31.0,39.0,31.0,37.0,8.0,an ad on the Internet,LIAR,0.0,0.0,0.0201
8529.json,true,A million people could get health insurance right away if Texas expanded Medicaid under Obamacare.,"health-care,medicaid",barack-obama,President,Illinois,democrat,70.0,71.0,160.0,163.0,9.0,remarks at a Dallas synagogue,LIAR,0.0,0.0,0.0
7625.json,mostly-true,Pasco County has the second highest population of homeless in all of Florida.,housing,brian-anderson,Homeless advocate,Florida,none,0.0,0.0,0.0,1.0,0.0,a Senate Rules Committee meeting,LIAR,0.0,0.0,0.0
9098.json,barely-true,Floridas revenue is growing at a faster rate than almost any state in the country.,"economy,taxes",jeb-bush,,Florida,republican,17.0,5.0,17.0,24.0,2.0,public remarks,LIAR,0.0,0.0,0.1779
12290.json,mostly-true,"Over the past two years, Florida has cut more than $1 billion in taxes.",taxes,rick-scott,Governor,Florida,republican,28.0,23.0,38.0,34.0,7.0,a press release,LIAR,0.0,0.0,-0.2732
1854.json,false,"Says EPA regulation of greenhouse gases will endanger 575 Texas dairy facilities, 58 swine operations, 1,300 corn farms and 28,000 beef cattle operations.","energy,environment",todd-staples,state agriculture commissioner,Texas,republican,0.0,1.0,4.0,3.0,1.0,a campaign Web post,LIAR,0.05,0.0,0.0
5443.json,false,The biggest contribution behind a decrease in U.S. unemployment was 1.2 million people leaving the workforce,"economy,jobs",newt-gingrich,"Co-host on CNN's ""Crossfire""",Georgia,republican,16.0,15.0,20.0,10.0,11.0,a radio interview,LIAR,0.0,0.0,-0.4404
13241.json,half-true,Donald Trump has said nuclear proliferation is OK.,nuclear,mark-warner,U.S. Senator,Virginia,democrat,3.0,1.0,6.0,3.0,0.0,a TV interview.,LIAR,0.0,0.0,0.0
1118.json,true,A loophole still exists which allows members of Congress and high-powered executive branch appointees to exploit 'insider' knowledge of the financial industry in order to turn personal profit.,crime,public-citizen,,,none,0.0,0.0,0.0,0.0,0.0,an email to supporters,LIAR,0.0,0.0,0.3612
7853.json,false,On restoring voting rights to non-violent felons.,"criminal-justice,elections",ken-cuccinelli,Attorney General,Virginia,republican,1.0,10.0,3.0,2.0,1.0,news conference.,LIAR,0.0,0.0,0.296
4744.json,true,Says Mitt Romney has flip-flopped on abortion rights.,abortion,rick-perry,Governor,Texas,republican,30.0,30.0,42.0,23.0,18.0,an interview,LIAR,0.0,0.0,0.0
12740.json,false,Says Hillary Clinton wants to essentially abolish the Second Amendment.,guns,donald-trump,President-Elect,New York,republican,63.0,114.0,51.0,37.0,61.0,a speech at the Republican national convention,LIAR,0.0,0.0,0.0
4299.json,pants-fire,Says a Senate resolution would restore $140 in monthly general assistance payments and prevent people from committing crime.,"crime,poverty,state-budget",sandra-cunningham,State Senator,New Jersey,democrat,0.0,0.0,0.0,0.0,1.0,a speech on the State Senate floor,LIAR,0.0,0.0,-0.2263
12594.json,half-true,"Right now, our corrections department charges taxpayers between $30,000 and $40,000 a year per person we lock up, she said. Thats actually cheap when you compare us to the rest of the country.",criminal-justice,rebecca-kleefisch,Candidate for lieutenant governor,Wisconsin,republican,1.0,3.0,4.0,0.0,1.0,a radio interview,LIAR,0.0,0.0,-0.2732
10383.json,true,Mercedes said high taxes and the cost of doing business in New Jersey worked to Georgias advantage in landing the companys USA corporate headquarters.,"economy,jobs",mark-drewniak,Spokesman for N.J. Governor Chris Christie,New Jersey,republican,0.0,0.0,0.0,0.0,0.0,in a press interview,LIAR,0.05,0.0,0.25
286.json,half-true,"Congress just passed another huge, pork-filled spending bill. The Democrats allowed less than a day to read all 3,400 pages and stuffed it with nearly 10,000 earmarks costing about $10-billion dollars.",federal-budget,john-mccain,U.S. senator,Arizona,republican,31.0,39.0,31.0,37.0,8.0,"a speech to the Americans for Prosperity Michigan summit in Livonia, Mich.",LIAR,0.0,0.0,0.3182
1467.json,true,The law is very clear! 'The monies recouped from the TARP shall be paid into the general fund of the treasury for the reduction of the public debt.',economy,judd-gregg,U.S. Senator,,republican,0.0,0.0,0.0,1.0,0.0,a Senate budget hearing,LIAR,0.13,0.0,0.358
212.json,true,"Romney said ""'No' to in-state tuition"" for illegal immigrants.",immigration,mitt-romney,Former governor,Massachusetts,republican,34.0,32.0,58.0,33.0,19.0,a TV ad,LIAR,0.0,0.0,-0.5574
5542.json,pants-fire,President Barack Obama is ending Medicare as we know it.,"health-care,medicare",mitt-romney,Former governor,Massachusetts,republican,34.0,32.0,58.0,33.0,19.0,a campaign memo,LIAR,0.0,0.0,0.0
4041.json,true,Creeping defense commitments in (the Middle East) and globally now consume over half the U.S. discretionary budget annually.,"federal-budget,military",marcy-kaptur,Representative from Ohio's Ninth Congressional District,Ohio,democrat,0.0,2.0,4.0,4.0,0.0,a speech in the House of Representatives,LIAR,0.0,0.0,0.25
9106.json,barely-true,We have been teaching these (Common Core) standards in Florida schools since 2010.,education,janet-adkins,state representative,Florida,republican,1.0,0.0,1.0,1.0,0.0,a Florida House subcommittee meeting,LIAR,0.0,0.0,0.0
2659.json,barely-true,Fiorinas plan would mean slashing Social Security and Medicare.,"federal-budget,medicare,social-security",barbara-boxer,U.S. Senator,California,democrat,2.0,0.0,3.0,4.0,1.0,a campaign ad,LIAR,0.0,0.0,0.0772
1836.json,barely-true,"Mexican government officials hand out brochures showing individuals how they can avoid our Border Patrol, how they can get into our country.",immigration,lamar-smith,Congressman,Texas,republican,2.0,5.0,1.0,3.0,0.0,an interview with the Fox News Network,LIAR,0.0,0.0,0.25
11945.json,half-true,Its highly unusual to have a Supreme Court confirmation in a presidential election year. The last one was 1940.,"history,supreme-court,voting-record",bob-goodlatte,U.S. Congressman,Virginia,republican,0.0,1.0,4.0,3.0,0.0,a TV interview.,LIAR,0.0,0.0,0.5574
10684.json,true,Says he paid one dollar for a sweater at Kohls.,candidates-biography,scott-walker,Milwaukee County Executive,Wisconsin,republican,26.0,41.0,32.0,40.0,11.0,a speech,LIAR,0.0,0.0,0.0
6585.json,half-true,Says the United States has the worlds greatest health care system.,health-care,chris-christie,Governor of New Jersey,New Jersey,republican,10.0,17.0,27.0,19.0,8.0,the keynote address at the Republican National Convention,LIAR,0.0,0.0,0.8807
3999.json,barely-true,"Says President Barack Obama promised he would cut the deficit in half, but instead will at least double it.","deficit,federal-budget,new-hampshire-2012",tim-pawlenty,,,republican,2.0,3.0,3.0,6.0,1.0,an interview WKXL-AM.,LIAR,0.0,0.0,-0.1655
10151.json,mostly-true,"Says the 1956 Republican Party platform supported equal pay, the minimum wage, asylum for refugees, protections for unions and more.","immigration,poverty,social-security,unions,women,workers",facebook-posts,Social media posting,,none,14.0,18.0,15.0,11.0,36.0,a meme on social media,LIAR,0.0,0.0,0.5574
8842.json,false,On sharing power with Republicans,states,virginia-senate-democratic-caucus,,Virginia,democrat,0.0,0.0,0.0,0.0,0.0,a floor debate.,LIAR,0.0,0.0,0.4215
3140.json,barely-true,"In September, the Department of Business and Consumer Services enacted a sudden 39% workers compensation premium assessment by rule with little notice to the public.","labor,workers",oregon-senate-republicans,,Oregon,republican,1.0,0.0,0.0,1.0,0.0,a press release,LIAR,0.0,0.0,0.0
1743.json,true,By registration fewer than 20 percent of Florida voters are Independents.,elections,marco-rubio,U.S. Senator,Florida,republican,33.0,24.0,32.0,35.0,5.0,a campaign memo.,LIAR,0.0,0.0,0.0
5413.json,barely-true,The national unemployment rate has been above 8 percent for a record 36 months.,"job-accomplishments,jobs",reince-priebus,"Chairman, Republican National Committee",Wisconsin,republican,2.0,12.0,8.0,3.0,1.0,an op-ed piece,LIAR,0.0,0.0,-0.4404
2037.json,mostly-true,Forty percent of the undocumented workers in this country entered the U.S. legally and overstayed their visa.,"immigration,legal-issues,abc-news-week",luis-gutierrez,U.S. House of Representatives,Illinois,democrat,0.0,0.0,2.0,3.0,0.0,an interview on ABC's 'This Week',LIAR,0.0,0.0,0.1027
7219.json,half-true,Says last year the graduation rate for our combined six-district footprint jumped 5.5 percent.,education,sam-adams,Mayor of Portland,Oregon,democrat,3.0,2.0,5.0,2.0,0.0,a term review document.,LIAR,0.0,0.0,0.0
8522.json,mostly-true,The University of Texas is starting the first medical school at a major Tier One university in the last 50 years.,"education,health-care,public-health",steve-leslie,Assistant to University of Texas president,Texas,none,0.0,0.0,0.0,1.0,0.0,remarks at an Austin town hall about the Dell Medical School,LIAR,0.0,0.0,0.0
4256.json,mostly-true,"Were only spending 2 percent of our GDP on our infrastructure, while China and India are spending 10 percent of their GDP reinvesting back into their country.",infrastructure,tim-ryan,U.S. representative ,Ohio,democrat,0.0,0.0,0.0,5.0,1.0,a House of Representatives floor speech,LIAR,0.1,0.0,0.0
8816.json,true,"The national economic recovery has led to higher than expected tax revenues and projected budget surpluses in nearly every state in the nation, including Wisconsin.","state-budget,state-finances,states",state-democratic-party-wisconsin,,Wisconsin,democrat,5.0,7.0,2.0,2.0,7.0,a news release,LIAR,0.0,0.0,0.0
5790.json,half-true,"At the same time gas prices have increased, the share of the oil market controlled by speculators has more than doubled over the past 10 years.","energy,financial-regulation,gas-prices",bill-nelson,,Florida,democrat,3.0,1.0,8.0,10.0,0.0,an op-ed in POLITICO,LIAR,0.0,0.0,0.5106
5035.json,half-true,Says Newt Gingrich supports amnesty for illegal immigrants.,"immigration,message-machine-2012",restore-our-future,super PAC,,republican,1.0,0.0,3.0,1.0,2.0,a TV ad airing in Iowa and Florida,LIAR,0.0,0.0,-0.2732
5294.json,true,One out of every three automobile fatalities can be attributed to alcohol.,"Alcohol,drugs",nathan-deal,,,republican,9.0,5.0,11.0,11.0,0.0,a television commercial,LIAR,0.0,0.0,-0.5994
7406.json,false,Says Austin is the largest city in the U.S. without nonstop flights to Europe.,transportation,pete-winstead,,,none,0.0,1.0,0.0,0.0,0.0,a KUT-FM news story,LIAR,0.0,0.0,0.0
10621.json,mostly-true,"Every day, a black name resume is 50 percent less likely to get responded to than a white nameresume.","corrections-and-updates,diversity,jobs",jalen-ross,,,none,0.0,0.0,0.0,1.0,0.0,"comments on CNN's ""State of the Union""",LIAR,0.0,0.0,0.0
2587.json,pants-fire,"Says Steve Kagen promised us jobs, voting for the $787 billion stimulus. Cost: another 77,000 jobs lost.","jobs,message-machine,stimulus",national-republican-congressional-committee,,,republican,18.0,9.0,8.0,5.0,8.0,a campaign TV ad,LIAR,0.0,0.0,0.0516
2635.json,false,Says the Annies List political group supports third-trimester abortions on demand.,abortion,dwayne-bohac,State representative,Texas,republican,0.0,1.0,0.0,0.0,0.0,a mailer,LIAR,0.0,0.0,0.25
2527.json,mostly-true,"Says Roy Blunt secretly inserts language to benefit tobacco giant Philip Morris into a national security bill while Blunts girlfriend and son are lobbyists for the cigarette company, and just days earlier, 26 Philip Morris executives wrote checks to Blunt totaling $23,000.","campaign-finance,homeland-security,message-machine",commonsense-ten,,,democrat,0.0,0.0,0.0,1.0,0.0,a TV ad,LIAR,0.15,0.0,0.6597
4278.json,false,Virginia has a responsibility to fund 55 percent of public education and is payingjust 41 percent.,"education,state-budget",ken-plum,State delegate,Virginia,democrat,0.0,1.0,0.0,1.0,0.0,a newspaper column.,LIAR,0.0,0.0,0.0
7942.json,pants-fire,"Says Florida didnt offer special incentives to Deutsche Bank, which announced it will add 300 jobs in Florida.","economy,jobs",rick-scott,Governor,Florida,republican,28.0,23.0,38.0,34.0,7.0,a TV interview,LIAR,0.0,0.0,-0.4973
1686.json,half-true,"Marco Rubio was ""subpoenaed.""",candidates-biography,charlie-crist,,Florida,democrat,15.0,9.0,20.0,19.0,2.0,in a TV ad.,LIAR,0.0,0.0,0.0
3615.json,half-true,"According to David Cay Johnston, the average American pays about 22 percent of their income to federal taxes. The richest 400 Americans pay about 16 percent of their income to federal taxes.","pundits,taxes",chris-hayes,"Host, All In",,none,0.0,0.0,1.0,0.0,0.0,"an interview on MSNBC's ""The Rachel Maddow Show""",LIAR,0.0,0.0,0.4588
9953.json,mostly-true,The FBI is involved in an investigation about people in the Rio Grande Valley who are using cocaine to buy votes.,"crime,drugs,elections",greg-abbott,governor,Texas,republican,11.0,3.0,8.0,6.0,5.0,a debate in the Rio Grande Valley.,LIAR,0.05,0.0,0.0
5694.json,half-true,"Says his reform efforts improved performance at all 10 low-performing schools in Palm Beach, Florida.","city-budget,education,florida",jeffrey-hernandez,"Chief Executive Officer, National Academic Educational Partners",,newsmaker,0.0,0.0,1.0,0.0,0.0,a letter to the Providence School District.,LIAR,0.0,0.0,0.4767
8571.json,half-true,Says Senate Minority Leader Mitch McConnell has blocked the Senate over 400 times.,congressional-rules,alison-lundergan-grimes,Secretary of State,Kentucky,democrat,2.0,2.0,3.0,1.0,0.0,a campaign ad,LIAR,0.0,0.0,-0.2732
3812.json,barely-true,Says Rick Perry is the guy that tracked down Democratic legislators who fled Texas in 2003.,"bipartisanship,candidates-biography,elections,pundits,redistricting",rush-limbaugh,Radio host,,none,9.0,11.0,5.0,2.0,10.0,his radio program.,LIAR,0.0,0.0,0.0
9370.json,false,"For every one job created under the Obama administration, 75 people went on food stamps.","economy,hunger,jobs,poverty",facebook-posts,Social media posting,,none,14.0,18.0,15.0,11.0,36.0,a meme on social media,LIAR,0.0,0.0,0.25
10387.json,pants-fire,"There are actual cities like Birmingham, England, that are totally Muslim where non-Muslims just simply dont go in.",religion,steven-emerson,Executive director of The Investigative Project on Terrorism,"Washington, D.C.",none,0.0,0.0,0.0,0.0,1.0,an interview on Fox News,LIAR,0.0,0.0,0.3612
10766.json,barely-true,The money the Clinton Foundation took from from foreign governments while Hillary Clinton was secretary of state is clearly illegal. The Constitution says you cant take this stuff.,foreign-policy,newt-gingrich,"Co-host on CNN's ""Crossfire""",Georgia,republican,16.0,15.0,20.0,10.0,11.0,"comments on ABC's ""This Week""",LIAR,0.15,0.0,-0.2263
8762.json,half-true,"Sens. Isaksons, Chambliss Votes Against Unemployment Insurance Were Votes to Kill Nearly 6,000 Georgia Jobs.","federal-budget,jobs",americans-united-change,,,none,1.0,4.0,4.0,1.0,0.0,a press release,LIAR,0.0,0.0,-0.8225
7199.json,true,Individuals with mental illnesses die an average of 25 years earlier than those without a mental illness.,"health-care,medicaid",terry-russell,Executive director of the National Alliance on Mental Illness in Ohio,Ohio,none,0.0,0.0,0.0,0.0,0.0,in an interview,LIAR,0.0,0.0,-0.7043
13031.json,false,"In an interview with the Chicago TribunesEditorial Board, Comptroller Leslie Munger says that in order to balance a budget, the state would have to cut social services completely.","elections,state-budget",seiu-healthcare-illinois-indiana,,,organization,0.0,1.0,0.0,0.0,0.0,a YouTube video ,LIAR,0.0,0.0,-0.2732
4685.json,true,On using Gov. Scott Walkers collective-bargaining limits to help balance the city of Milwaukee budget,"city-budget,labor,state-finances",tom-barrett,Mayor of Milwaukee,Wisconsin,democrat,2.0,5.0,8.0,5.0,3.0,,LIAR,0.0,0.0,0.4019
7177.json,half-true,Says Massachusetts has three state-mandated student tests and Finland just one.,"corrections-and-updates,education,states",thomas-ratliff,Lobbyist,Texas,republican,0.0,0.0,1.0,0.0,0.0,an opinion column.,LIAR,0.0,0.0,0.0
8779.json,false,"In 1916, the U.S. government predicted that by the 1940s all paper would come from hemp and that no more trees would need to be cut down.","drugs,marijuana",facebook-posts,Social media posting,,none,14.0,18.0,15.0,11.0,36.0,a graphic on the Internet,LIAR,0.0,0.0,-0.5106
10723.json,mostly-true,A $5-a-night hotel/motel tax thats part of the transportation bill will hurt Georgias convention business by adding extra costs for large groups coming to the state.,"taxes,tourism",michael-t-owens,"President, Tourism Leadership Council in Savannah",Georgia,none,0.0,0.0,0.0,1.0,0.0,a news report,LIAR,0.0,0.0,-0.5267
5992.json,false,In the state of Rhode Island 25 percent of our current physicians are graduates of for-profit medical schools.,"education,health-care,public-health",joseph-mcnamara,House member,Rhode Island,democrat,0.0,2.0,1.0,0.0,0.0,a House debate,LIAR,0.0,0.0,0.0
325.json,mostly-true,He told gay organizers in Massachusetts he would be a stronger advocate for special rights than even Ted Kennedy.,gays-and-lesbians,john-mccain,U.S. senator,Arizona,republican,31.0,39.0,31.0,37.0,8.0,an automated call to voters,LIAR,0.0,0.0,0.6486
12171.json,pants-fire,"Im the only candidate in the Democratic primary, or actually on either side, who Wall Street financiers and hedge fund managers are actually running ads against.","elections,financial-regulation,campaign-advertising",hillary-clinton,Presidential candidate,New York,democrat,40.0,29.0,69.0,76.0,7.0,comments on Meet the Press,LIAR,0.0,0.0,0.0
1709.json,half-true,On running for the U.S. Senate as an independent.,candidates-biography,charlie-crist,,Florida,democrat,15.0,9.0,20.0,19.0,2.0,comments to the press.,LIAR,0.0,0.0,0.0
12889.json,mostly-true,Says Carlos Beruff supported (Charlie) Crist even after he switched parties.,candidates-biography,florida-first-project,,Florida,republican,0.0,0.0,0.0,1.0,0.0,a campaign ad,LIAR,0.0,0.0,0.6124
6154.json,half-true,Says U.S. Senate rival Tommy Thompson said he wants to do away with Medicare.,"federal-budget,health-care,medicare",tammy-baldwin,U.S. Representative,Wisconsin,democrat,5.0,5.0,7.0,4.0,0.0,a speech,LIAR,0.0,0.0,0.0
11316.json,barely-true,"One of the Planned Parenthood videos shows a fully formed fetus on the table, its heart beating, its legs kicking, while someone says, We have to keep it alive to harvest its brain.","abortion,debates",carly-fiorina,,California,republican,5.0,5.0,4.0,3.0,2.0,the CNN debate,LIAR,0.0,0.0,0.5859
1895.json,barely-true,"Of hospitals in Rick Scotts Columbia/HCA health care company, ""A top executive said they even turned away a poor man and left him to die outside their door.""","health-care,message-machine",florida-first-initiative,,Florida,none,1.0,1.0,0.0,0.0,0.0,a TV ad,LIAR,0.05,0.0,-0.4588
3854.json,barely-true,Planned Parenthood raked in more than $300 million in profits over the past four years.,abortion,marjorie-dannenfelser,,,newsmaker,1.0,0.0,0.0,0.0,0.0,a blog,LIAR,0.0,0.0,0.4404
12568.json,false,Says HillaryClintons immigration platform would create totally open borders.,immigration,donald-trump,President-Elect,New York,republican,63.0,114.0,51.0,37.0,61.0,a speech,LIAR,0.0,0.0,0.2732
9903.json,barely-true,Says John Barrow voted with Obama 85 percent of the time.,voting-record,national-republican-congressional-committee,,,republican,18.0,9.0,8.0,5.0,8.0,a campaign ad,LIAR,0.0,0.0,0.0
11939.json,barely-true,"So far in 2015, there have been more mass shootings than days.",guns,gavin-newsom,California Lt. Governor,California,democrat,1.0,0.0,1.0,1.0,0.0,a campaign email,LIAR,0.0,0.0,0.0
3528.json,true,Says some [states] with the largest reductions in crime have also lowered their prison population.,"crime,criminal-justice,state-budget",newt-gingrich,"Co-host on CNN's ""Crossfire""",Georgia,republican,16.0,15.0,20.0,10.0,11.0,an op-ed,LIAR,0.0,0.0,-0.8074
12406.json,pants-fire,Says Jacky Rosen has refused to tell us whether she supports Bernie Sanders or Hillary Clinton.,elections,national-republican-congressional-committee,,,republican,18.0,9.0,8.0,5.0,8.0,an automated call,LIAR,0.0,0.0,0.0772
9865.json,true,Miller Brewing is not a U.S. company any more. Neither is Anheuser-Busch.,"Alcohol,corporations,taxes",paul-ryan,U.S. Representative,Wisconsin,republican,19.0,6.0,16.0,14.0,2.0,a speech,LIAR,0.0,0.0,0.0
7232.json,true,"A far different picture from the prior eight years, which saw 115 increases in taxes and fees.",taxes,chris-christie,Governor of New Jersey,New Jersey,republican,10.0,17.0,27.0,19.0,8.0,a speech,LIAR,0.0,0.0,0.0
9831.json,true,Wisconsin is dead last in income growth among midwestern states during Gov. Scott Walkers term.,"economy,income,workers",blog-posting,,,none,7.0,19.0,3.0,5.0,44.0,various blogs and Internet comments,LIAR,0.0,0.0,-0.4019
1190.json,false,"Every other democracy in the world has a health care system that covers everybody, and we don't.",health-care,howard-dean,Democratic National Committee chairman,Vermont,democrat,1.0,4.0,1.0,2.0,0.0,remarks on NBC's Meet the Press,LIAR,0.0,0.0,0.4939
11756.json,false,"Among Syrian refugees and migrants coming into Europe, there look like very few women. Very few children.","foreign-policy,immigration",donald-trump,President-Elect,New York,republican,63.0,114.0,51.0,37.0,61.0,the South Carolina presidential debate,LIAR,0.0,0.0,0.3612
3340.json,mostly-true,Says Rep. Paul Ryans budget roadmap doesnt balance the budget until the 2060s and adds an unthinkable $62 trillion to the national debt between now and then.,"deficit,federal-budget",matt-miller,Management consultant,California,none,0.0,0.0,0.0,1.0,0.0,a column in the Washington Post,LIAR,0.0,0.0,-0.3612
11929.json,mostly-true,Says Hillary Clinton wonhealth care for 8 million children.,"health-care,public-health",hillary-clinton,Presidential candidate,New York,democrat,40.0,29.0,69.0,76.0,7.0,a TV ad ,LIAR,0.0,0.0,0.4939
736.json,true,"Grateful insurance company executives and their lobbyists from Bermuda gave McCain $50,000.",taxes,barack-obama,President,Illinois,democrat,70.0,71.0,160.0,163.0,9.0,in a television ad,LIAR,0.0,0.0,0.4588
6415.json,barely-true,"In June, jobless ranks were higher in nearly 90 percent of U.S. cities.","economy,jobs,message-machine-2012",mitt-romney,Former governor,Massachusetts,republican,34.0,32.0,58.0,33.0,19.0,a campaign ad,LIAR,0.0,0.0,0.0
2828.json,false,Milwaukees problems include 52 percent black male unemployment.,"economy,jobs",marvin-pratt,Former Acting Mayor of Milwaukee,Wisconsin,none,0.0,1.0,0.0,0.0,0.0,a TV interview,LIAR,0.0,0.0,-0.6808
5845.json,barely-true,"The failed economic policies of President Barack Obama, the Democrats and the Federal Reserve are making gas prices higher while Americas economy is running on fumes.",gas-prices,eric-hovde,,,republican,2.0,3.0,3.0,0.0,0.0,a radio ad,LIAR,0.0,0.0,-0.5267
7612.json,half-true,"Says that even if his budget is adopted, private schools in the choice program would be getting about half the per-pupil funds that public schools receive","education,state-budget,taxes",scott-walker,Milwaukee County Executive,Wisconsin,republican,26.0,41.0,32.0,40.0,11.0,a news release,LIAR,0.0,0.0,0.0
10258.json,half-true,"Citing his efforts to secure the border, Obama said, Overall, the number of people trying to cross our border illegally is the lowest it has been since the 1970s.",immigration,barack-obama,President,Illinois,democrat,70.0,71.0,160.0,163.0,9.0,a speech,LIAR,0.0,0.0,0.0258
11671.json,pants-fire,"Says Marco Rubio said we should be considering internment of Muslims, and maybe we should close down cafes and diners where Muslims gather and in fact compared them to the Nazi party.","diversity,homeland-security,religion,terrorism",debbie-wasserman-schultz,"U.S. Representative, Florida District 23",Florida,democrat,7.0,9.0,8.0,15.0,3.0,an interview on CNN,LIAR,0.0,0.0,0.4019
6741.json,false,"Bill Nelson voted for a ban on millions of commonly owned firearms, which included many popular hunting and target rifles.",guns,national-rifle-association,,,none,3.0,5.0,1.0,5.0,3.0,on NRA ILA's website,LIAR,0.0,0.0,-0.2023
11100.json,half-true,"Although we have twice the population of Greece, the state of Florida employs three times fewer government employees.","economy,state-finances",jeff-atwater,State Senator,Florida,republican,0.0,1.0,1.0,1.0,0.0,an open letter to Floridians,LIAR,0.0,0.0,0.0
1267.json,barely-true,The Senate Finance Committee approved a reform proposal that has both Democratic and Republican support.,health-care,barack-obama,President,Illinois,democrat,70.0,71.0,160.0,163.0,9.0,his weekly address,LIAR,0.0,0.0,0.6705
8916.json,half-true,Businesses will be required to certify to the IRS under penalty of perjury that Obamacare was not a motivating factor for cutting staff.,"health-care,jobs",chris-stirewalt,,,none,0.0,0.0,1.0,0.0,0.0,"a daily summary of news ""Fox News First""",LIAR,0.05,0.0,-0.8413
6312.json,half-true,USA is #1 in gun violence.,guns,facebook-posts,Social media posting,,none,14.0,18.0,15.0,11.0,36.0,a post on the Internet,LIAR,0.05,0.0,-0.7579
2004.json,mostly-true,"Says state Rep. Jim Keffer, a GOP lieutenant to House Speaker Joe Straus, ""did mail pieces for Democrat Mark Strama to help him defeat"" a Republican.",bipartisanship,david-barton,"President, Wallbuilders",Texas,republican,1.0,0.0,1.0,2.0,0.0,an open letter,LIAR,0.05,0.0,-0.0772
12485.json,mostly-true,Says Obama called Kagan a moderate. He called Sotomayor a moderate.,supreme-court,mitch-mcconnell,Senate minority leader,Kentucky,republican,7.0,6.0,5.0,7.0,0.0,"an interview on MSNBC's ""Morning Joe""",LIAR,0.0,0.0,0.0
5262.json,false,Martin Luther King was a Republican.,"civil-rights,history",travis-rowley,,Rhode Island,republican,1.0,1.0,1.0,0.0,0.0,an opinion column,LIAR,0.0,0.0,0.0
2304.json,half-true,"In this country, we have a 25 percent dropout rate.","education,abc-news-week",arne-duncan,U.S. Secretary of Education,Illinois,democrat,1.0,2.0,1.0,2.0,0.0,"an interview on ABC's ""This Week with Christiane Amanpour""",LIAR,0.0,0.0,0.0
12092.json,half-true,"For more than 80 years, there has not been a nomination and confirmation of a Supreme Court Justice in a presidential election year. This is simply not the time to break with decades of bipartisan practice.","bipartisanship,history,supreme-court",jennifer-horn,"Chairman, New Hampshire Republican Party",New Hampshire,republican,2.0,0.0,1.0,1.0,0.0,a press release,LIAR,0.0,0.0,0.7906
7300.json,pants-fire,"Religious groups like Knights of Columbus have been forced to allow same-sex marriage ceremonies in their facilities, against their beliefs.","diversity,families,gays-and-lesbians,legal-issues,marriage,religion",national-organization-marriage,Nonprofit organization,Rhode Island,organization,0.0,1.0,0.0,0.0,1.0,a newspaper ad,LIAR,0.0,0.0,0.1027
11147.json,barely-true,SayPresident George W. Bush borrowed $1.37 trillion of Social Security surplus revenue to pay for his tax cuts for the rich and his war in Iraq and never paid it back.,"iraq,social-security,taxes",facebook-posts,Social media posting,,none,14.0,18.0,15.0,11.0,36.0,comments on social media.,LIAR,0.0,0.0,-0.128
1522.json,half-true,Says one in three Texas children drop out of high school.,"children,education",kay-bailey-hutchison,U.S. Senator,Texas,republican,2.0,4.0,4.0,3.0,0.0,a television ad,LIAR,0.0,0.0,-0.2732
5258.json,mostly-true,The U.S. gun homicide rate is 20 times the combined rate of other western nations.,"crime,guns",jim-moran,U. S. Congressman,Virginia,democrat,2.0,1.0,1.0,6.0,1.0,a newspaper column.,LIAR,0.0,0.0,-0.34
579.json,mostly-true,"Obama ""hasn't been to Iraq in years.""",iraq,john-mccain,U.S. senator,Arizona,republican,31.0,39.0,31.0,37.0,8.0,a television ad,LIAR,0.0,0.0,0.0
490.json,barely-true,"John McCain, ""one of the richest people in a Senate filled with millionaires,"" says the solution to the housing crisis is for people to get a ""second job"" and ""skip their vacations.""",economy,moveon,,,democrat,2.0,4.0,3.0,0.0,0.0,an e-mail,LIAR,0.0,0.0,0.1531
8488.json,mostly-true,"The average fast food worker is 29, and most fast food workers are on some form of public assistance.","jobs,workers",bill-maher,Host of Real Time with Bill Maher,California,independent,0.0,3.0,1.0,5.0,0.0,"comments on HBO's ""Real Time with Bill Maher""",LIAR,0.0,0.0,0.0
8801.json,mostly-true,"We had 6,000 oil and gas spills in 2012 with more oil and gas spreading in the United States than the entire Exxon Valdez spill.","energy,oil-spill",josh-fox,,,none,0.0,0.0,0.0,1.0,0.0,"an interview on MSNBC's ""Melissa Harris-Perry""",LIAR,0.0,0.0,0.4215
8976.json,pants-fire,"Ive been a cop in Lake County, Michigan, since 1982 thereabout. I conduct federal raids with the DEA and ATF and U.S. Marshals and the FBI and Texas Rangers.","candidates-biography,guns",ted-nugent,musician,Texas,republican,0.0,0.0,2.0,0.0,2.0,comments on CNN,LIAR,0.15000000000000002,0.0,0.0
11199.json,mostly-true,A majority in every state favors path to citizenship for undocumented immigrants.,immigration,state-democratic-party-wisconsin,,Wisconsin,democrat,5.0,7.0,2.0,2.0,7.0,a tweet,LIAR,0.0,0.0,0.25
4127.json,true,Ninety percent of the job growth in Virginia has been in the private sector.,"economy,jobs",bob-mcdonnell,Governor,Virginia,republican,6.0,5.0,7.0,6.0,3.0,a TV interview.,LIAR,0.0,0.0,0.3818
10233.json,false,The majority of revenue generated by a proposed Kenosha casino would be sent to the Seminole tribe in Florida.,"gambling,jobs",enough-already-wisconsin-inc,,,none,0.0,1.0,0.0,0.0,0.0,a tweet,LIAR,0.0,0.0,0.0
11754.json,false,"California Senator, Democratic Senator Dianne Feinstein said if she could say to Mr. America and Mrs. America, Give me your guns, Im rounding em up, she would.",guns,ted-cruz,Senator,Texas,republican,36.0,33.0,15.0,19.0,8.0,a TV interview,LIAR,0.0,0.0,0.0
10211.json,true,The president of the United States came in the Tuesday before the election in a ward that went 99% for him in the last election and they couldnt even (increase) the vote there.,elections,scott-walker,Milwaukee County Executive,Wisconsin,republican,26.0,41.0,32.0,40.0,11.0,an interview,LIAR,0.0,0.0,0.2115
9775.json,pants-fire,Says Marilinda Garcia supports $150 billion in new taxes.,"economy,taxes",gary-lambert,Lawyer,New Hampshire,republican,0.0,0.0,0.0,0.0,1.0,a campaign mailer,LIAR,0.0,0.0,0.3612
8928.json,mostly-true,The only time over the last 25 years when the states unemployment rate exceeded the U.S. average was when (Mary) Burke was commerce secretary.,"candidates-biography,economy,job-accomplishments,jobs,labor,state-budget",republican-party-wisconsin,,Wisconsin,republican,4.0,3.0,2.0,3.0,0.0,a news release,LIAR,0.15,0.0,-0.4404
2824.json,true,"Nobody has played clips over and over ...of President Obama (saying), If they bring a knife to the fight, well bring a gun.","candidates-biography,pundits",joyce-kaufman,WFTL 850 AM talk show host,Florida,talk-show-host,0.0,0.0,0.0,0.0,0.0,a radio show,LIAR,0.0,0.0,-0.128
4451.json,true,"Under President Barack Obamas jobs bill, you can sue if you are unemployed and dont get the job and think you werent hired because you are unemployed.","jobs,legal-issues,pundits,workers",sean-hannity,Radio/TV host,,none,3.0,5.0,3.0,2.0,1.0,"a discussion on Fox News' ""Hannity""",LIAR,0.0,0.0,0.0
1134.json,half-true,I just want to assure [you] were not talking about cutting Medicare benefits.,"health-care,medicare",barack-obama,President,Illinois,democrat,70.0,71.0,160.0,163.0,9.0,a town hall meeting.,LIAR,0.0,0.0,0.6878
6451.json,half-true,Says Joe Garcia voted to raise our utility rates.,"candidates-biography,energy,government-regulation,voting-record",gloria-romero-roses,managing partner at Nexus Homes,Florida,democrat,0.0,0.0,1.0,0.0,0.0,a mailer,LIAR,0.0,0.0,0.0
3208.json,mostly-true,Joe Straus is the first Jewish speaker of the Texas House.,religion,john-oliver,"Host, Last Week Tonight",,none,0.0,0.0,2.0,4.0,0.0,an episode of The Daily Show,LIAR,0.0,0.0,0.0
415.json,pants-fire,"According to The Book of Revelations the anti-christ ... will be a man, in his 40s, of MUSLIM descent ... is it OBAMA??","obama-birth-certificate,religion",chain-email,,,none,11.0,43.0,8.0,5.0,105.0,a chain e-mail,LIAR,0.1,0.0,0.0
952.json,half-true,"The average CEO makes $10,000 more every day ... than what the average worker makes every year.",economy,joe-biden,U.S. senator,Delaware,democrat,11.0,10.0,21.0,16.0,4.0,"a speech in Miami Beach, Fla.",LIAR,0.05,0.0,0.0
9769.json,true,The Milwaukee Police Department has seized nearly as many firearms this year as the much larger New York City Police Department.,guns,edward-flynn,,,none,1.0,0.0,3.0,2.0,0.0,a news conference,LIAR,0.0,0.0,0.0
11013.json,half-true,Says Amazon has removed aneducational game about Gettysburg.,diversity,newt-gingrich,"Co-host on CNN's ""Crossfire""",Georgia,republican,16.0,15.0,20.0,10.0,11.0,"comments on NBC's ""Meet the Press""",LIAR,0.0,0.0,0.1779
13393.json,barely-true,"Says Morgan Carroll opposed requiring convicted sex offenders to register their online profiles, making it harder to track online sex offenders and child predators.","corrections-and-updates,criminal-justice",national-republican-congressional-committee,,,republican,18.0,9.0,8.0,5.0,8.0,a TV ad ,LIAR,0.0,0.0,-0.6124
12313.json,mostly-true,Research even shows that sending more girls to school can boost an entire countrys GDP.,"education,foreign-policy,women",michelle-obama,,Illinois,democrat,0.0,2.0,1.0,4.0,0.0,an interview posted on Medium,LIAR,0.05,0.0,0.4019
3592.json,mostly-true,"For every [coyote] they kill, the population will replace and usually multiply.",environment,online-petition,,Rhode Island,none,0.0,0.0,0.0,1.0,0.0,an online petition,LIAR,0.0,0.0,-0.6908
3797.json,true,"To give a sense of how families are struggling, a record four out of every 10 school kids in Ohio now qualifies for subsidized lunch.","children,economy,families,poverty",amy-hanauer,Executive director of Policy Matters Ohio,Ohio,none,0.0,0.0,0.0,0.0,0.0,at a rally at the Ohio Statehouse,LIAR,0.0,0.0,-0.4215
12070.json,true,"Gun violence is by far the leading cause of death for young African American men, outstripping the next nine causes of death combined.","diversity,guns",hillary-clinton,Presidential candidate,New York,democrat,40.0,29.0,69.0,76.0,7.0,a speech posted on Medium,LIAR,0.0,0.0,-0.936
4062.json,half-true,Forty percent of the Fortune 500 were started either by immigrants or children of immigrants.,"economy,immigration",steve-case,,,none,0.0,0.0,1.0,0.0,0.0,an interview on CNN,LIAR,0.0,0.0,0.0
12220.json,half-true,"Team Trump has accused Ted Cruz of fraud in Iowa, Texas, Colorado, Oklahoma, Louisiana, Kansas, Maine, Utah and Wisconsin.","crime,elections",frank-luntz,"president, Luntz Global",Unknown,republican,0.0,0.0,1.0,0.0,0.0,a tweet,LIAR,0.0,0.0,-0.7184
11060.json,mostly-true,Cobb County businesses have already been awarded contracts worth $250 million on construction of a new Braves stadium.,"baseball,county-budget,debt,economy,legal-issues",tim-lee,Cobb County Commission Chairman,,republican,0.0,0.0,1.0,1.0,0.0,mass email,LIAR,0.0,0.0,0.7579
10624.json,mostly-true,"Says Secretary of State John Kerry, when he was a senator, flew to Managua and met with a communist dictator there, Daniel Ortega, and accused the Reagan administration of engaging in terrorism.","foreign-policy,history,terrorism",mitch-mcconnell,Senate minority leader,Kentucky,republican,7.0,6.0,5.0,7.0,0.0,"an interview on CNN's ""State of the Union""",LIAR,0.15,0.0,-0.6597
11189.json,true,African-American children are 500 percent more likely to die from asthma than white kids.,"children,diversity,health-care,public-health",hillary-clinton,Presidential candidate,New York,democrat,40.0,29.0,69.0,76.0,7.0,"a speech to the National Urban League in Fort Lauderdale, Fla.",LIAR,0.0,0.0,-0.6326
6977.json,true,Virginias educational level among whites is higher than Georgias.,"elections,voting-record",larry-sabato,national political expert,,none,0.0,0.0,0.0,1.0,0.0,article,LIAR,0.0,0.0,0.0
5261.json,half-true,We wiped out a $3.6 billion deficit without raising taxes.,"job-accomplishments,state-budget,taxes",scott-walker,Milwaukee County Executive,Wisconsin,republican,26.0,41.0,32.0,40.0,11.0,a television ad,LIAR,0.0,0.0,-0.4019
10789.json,mostly-true,A Penn State University study found that electronic cigarettes . . . are far less addictive than cigarettes.,"children,consumer-safety,drugs,legal-issues,public-health,public-safety,recreation,market-regulation,science",dino-baccari,"Founder, White Horse Vapor",Rhode Island,activist,0.0,0.0,0.0,1.0,0.0,testimony before the Senate Committee on Health & Human Services.,LIAR,0.0,0.0,0.0
9740.json,mostly-true,"In 1978, a student who worked a minimum-wage summer job could afford to pay a years full tuition at the 4-year public university of their choice.","corrections-and-updates,education,income,workers",facebook-posts,Social media posting,,none,14.0,18.0,15.0,11.0,36.0,a meme on social media,LIAR,0.0,0.0,-0.1027
3557.json,false,Abortion services are well over 90 percent of what Planned Parenthood does.,"abortion,federal-budget",jon-kyl,U.S. Senator,Arizona,republican,0.0,2.0,4.0,3.0,0.0,a Senate floor speech,LIAR,0.0,0.0,0.2732
10581.json,barely-true,"SaysPresident Obama is using executive actions to impose gun control on the nation, targeting the top-selling rifle in the country ... with a ban on one of the most-used assault rifle bullets.",guns,paul-bedard,,,republican,1.0,0.0,0.0,0.0,0.0,"an opinion piece in the ""Washington Examiner""",LIAR,0.0,0.0,-0.9001
2935.json,true,The national debt grew an estimated$15 billion last weekend.,"deficit,economy",mark-warner,U.S. Senator,Virginia,democrat,3.0,1.0,6.0,3.0,0.0,a floor speech.,LIAR,0.0,0.0,-0.3612
9980.json,barely-true,Health insurance costs for Floridians are up 30 percent or more.,health-care,republican-party-florida,,,republican,10.0,6.0,6.0,6.0,4.0,a TV ad,LIAR,0.0,0.0,0.0
5961.json,false,Says Gov. Scott Walker is cooking the books by releasing numbers he just dreamed up that show Wisconsin gained jobs in 2011.,"job-accomplishments,jobs,workers",tom-barrett,Mayor of Milwaukee,Wisconsin,democrat,2.0,5.0,8.0,5.0,3.0,an interview,LIAR,0.0,0.0,0.3818
3162.json,false,"Despite claims that you can keep the health care plan you like, the Obama Administration has predicted that as many as 7 out of 10 Americans with employer-provided health coverage could lose their current health plan.","health-care,workers",blake-farenthold,U.S. Representative,Texas,republican,0.0,1.0,0.0,0.0,0.0,an op-ed,LIAR,0.0,0.0,0.4588
5048.json,half-true,"Says constitutional amendment would help to stop unfair, double taxation on real estate.",taxes,Yes-on-79,,Oregon,none,0.0,0.0,1.0,0.0,1.0,an ad and on their website,LIAR,0.0,0.0,-0.3818
13517.json,true,"Even though men comprise 49% of the population, they hold 80% of the lawmaking power in the Legislature (144 of 181 seats).","history,states,women",annies-list,Political Action Committee,Texas,democrat,0.0,0.0,0.0,0.0,0.0,a press release,LIAR,0.0,0.0,0.0
8446.json,barely-true,I never was in favor of shutting down the government. (I) voted to fund the government fully.,"federal-budget,health-care",marco-rubio,U.S. Senator,Florida,republican,33.0,24.0,32.0,35.0,5.0,"an interview on ""Fox News Sunday""",LIAR,0.0,0.0,-0.3089
1661.json,pants-fire,"An audit of the last census found that over 370,000 people living in Texas were not counted, and our state lost an estimated $1 billion in federal funds as a result.",census,silvestre-reyes,U.S. House member,Texas,democrat,0.0,0.0,2.0,1.0,1.0,an e-mail blast,LIAR,0.0,0.0,-0.3182
11152.json,false,Almost 95 percent of all (Planned Parenthood) pregnancy services were abortions.,abortion,sandra-smith,Reporter,,journalist,0.0,1.0,0.0,0.0,0.0,an interview with Mike Huckabee,LIAR,0.0,0.0,0.0
10795.json,barely-true,Says the Clintons burst through their own self-pronounced guidelines by acceptingforeign donations.There is a clip of Bill Clinton saying were not going to take foreign donations.,ethics,joe-scarborough,Host of a morning show on MSNBC,,none,1.0,4.0,3.0,3.0,0.0,"a broadcast of MSNBC's ""Morning Joe""",LIAR,0.0,0.0,0.0
5738.json,barely-true,"Says Sen. Bill Nelson voted to spend $144,541 to see how monkeys react under the influence of cocaine.","drugs,federal-budget,message-machine-2012,stimulus,10-news-tampa-bay",connie-mack,U.S. representative from Fort Myers,Florida,republican,3.0,3.0,1.0,3.0,1.0,a television ad,LIAR,0.0,0.0,0.0
1455.json,false,Federal employees are making twice as much as their private counterparts.,economy,scott-brown,,New Hampshire,republican,2.0,2.0,1.0,3.0,1.0,an interview with Barbara Walters,LIAR,0.0,0.0,0.0
11902.json,mostly-true,On average it takes 300 Americans working for a solid year to make as much money as one top CEO.,"income,workers",hillary-clinton,Presidential candidate,New York,democrat,40.0,29.0,69.0,76.0,7.0,a Hillary for America campaign ad,LIAR,0.05,0.0,0.34
6896.json,false,Says Obama was in New York City the same day as Israeli Prime Minister Benjamin Netanyahu but went on a TV show instead of meeting with him.,"debates,foreign-policy,israel",paul-ryan,U.S. Representative,Wisconsin,republican,19.0,6.0,16.0,14.0,2.0,in a debate,LIAR,0.0,0.0,0.0
7303.json,half-true,"Washington, D.C., had some of the strictest gun laws in the country. And when they passed them, violence skyrocketed.","crime,criminal-justice,drugs,government-regulation,guns,public-safety",marco-rubio,U.S. Senator,Florida,republican,33.0,24.0,32.0,35.0,5.0,an interview on Fox News,LIAR,0.0,0.0,-0.7579
1748.json,half-true,"Members of Congress ""have not reduced their salaries ... since the Great Depression,"" meaning they've gone ""eight decades without a pay cut.""","federal-budget,government-efficiency",ann-kirkpatrick,U.S. House of Representatives,Arizona,democrat,0.0,0.0,3.0,0.0,0.0,a speech on the House floor,LIAR,0.0,0.0,0.3632
13119.json,half-true,During her first four years in Washington Sen. Ayotte voted with the Koch brothers nearly 90 percent of the time.,"congress,voting-record",maggie-hassan,Candidate for governor,New Hampshire,democrat,1.0,2.0,2.0,4.0,0.0,a speech,LIAR,0.0,0.0,0.0
11403.json,half-true,"In the states that allow open carry, violent crime was 23 percentlower.","crime,guns",matt-gaetz,State Representative,Florida,republican,0.0,1.0,1.0,1.0,0.0,a press conference ,LIAR,0.0,0.0,-0.7579
2005.json,barely-true,Powerful Houston Democrats Sylvia Garcia (Democrat county commissioner in Harris County) and Elyse Lanie(r) (wife of the former liberal Democrat mayor Bob Lanier) sponsored a Democrat fundraiser for Speaker (Joe) Straus with numerous Democrat officials and high-ranking union officials.,bipartisanship,david-barton,"President, Wallbuilders",Texas,republican,1.0,0.0,1.0,2.0,0.0,an open letter,LIAR,0.0,0.0,0.4215
1544.json,true,"Due to ... tax cuts and lower (property) values, 2009 property taxes were almost $3 billion below 2007 property taxes.",taxes,charlie-crist,,Florida,democrat,15.0,9.0,20.0,19.0,2.0,his State of the State address.,LIAR,0.0,0.0,-0.1779
1618.json,true,"Says she was the the only Democrat who voted against the Wall Street bailout.""",candidates-biography,kathy-castor,"Member, U.S. House of Representatives",Florida,democrat,0.0,0.0,1.0,0.0,0.0,an interview with the Tampa Tribune,LIAR,0.0,0.0,-0.1027
8994.json,barely-true,"We are seeing dramatic rate cuts to Medicare that will affect seniors ability to keep their doctor, hospital and prevention services.",medicare,rick-scott,Governor,Florida,republican,28.0,23.0,38.0,34.0,7.0,an online campaign ad,LIAR,0.0,0.0,0.0258
3601.json,barely-true,"Human error, such as skipping a community in the Wisconsin Supreme Court race, is common in (the vote-tabulation) process.",elections,kathy-nickolaus,Waukesha County Clerk,Wisconsin,republican,1.0,0.0,0.0,0.0,0.0,remarks at a news conference,LIAR,0.0,0.0,0.2263
5602.json,half-true,"However, it took $19.5 million in Oregon Lottery funds for the Port of Newport to eventually land the new NOAA Marine Operations Center-Pacific.",jobs,oregon-lottery,,,organization,0.0,0.0,1.0,0.0,1.0,a website ,LIAR,0.05,0.0,0.0
9298.json,half-true,"In some states, African-Americans are three times more likely to be sentenced to death than whites for the same crime.","crime,criminal-justice",van-jones,"Co-host of CNN's ""Crossfire""","Washington, D.C.",democrat,0.0,1.0,2.0,2.0,0.0,"a roundtable on ABC's ""This Week""",LIAR,0.0,0.0,-0.8176
3993.json,true,"Virginia spends $400,000 on abstinence programs while losing $2.5 million in federal funds due to Gov. Bob McDonnells political agenda.","abortion,state-budget",naral-pro-choice-america,,,organization,1.0,0.0,1.0,0.0,0.0,a web video.,LIAR,0.0,0.0,-0.3818
8704.json,mostly-true,"Says President Barack Obama came into office very concerned about wiretappings but then he became president of the United States, he got all the briefings (and) he decided the balance is probably pretty appropriately struck.","terrorism,transparency",bill-kristol,"Editor, the Weekly Standard","Washington, D.C.",none,0.0,1.0,0.0,3.0,0.0,"comments on ABC's ""This Week""",LIAR,0.0,0.0,0.7579
8390.json,barely-true,"Six years after unionization, 20,000 fewer children in Illinois were being served by the Child Care and Development Fund program.","children,families,labor,unions",jennifer-parrish,Home-based child care,Minnesota,activist,1.0,0.0,0.0,0.0,0.0,a newspaper commentary,LIAR,0.0,0.0,0.4939
7237.json,true,Says his transportation plan would make Virginia the first state in the nation to eliminate the state tax on gasoline.,"taxes,transportation",bob-mcdonnell,Governor,Virginia,republican,6.0,5.0,7.0,6.0,3.0,a news conference. ,LIAR,0.0,0.0,0.0
13225.json,half-true,"You (Hillary Clinton) get a subpoena, and after getting the subpoena you delete 33,000 emails.","history,homeland-security,legal-issues,transparency",donald-trump,President-Elect,New York,republican,63.0,114.0,51.0,37.0,61.0,the second 2016 presidential debate,LIAR,0.0,0.0,0.0
10095.json,barely-true,"The CDC is spending money on things like jazzercise, urban gardening and massage therapy that could be redirected to Ebola.","ebola,health-care,public-health",cory-gardner,U.S. House of Representatives,Colorado,republican,4.0,1.0,0.0,0.0,0.0,a debate,LIAR,0.05,0.0,0.3612
6694.json,half-true,"On U.S.-Israeli relations, Prime Minister Benjamin Netanyahu set the record straight he said, our two countries have exactly the same policy (and) our security cooperation is unprecedented.",israel,john-kerry,Secretary of State,Massachusetts,democrat,3.0,2.0,2.0,5.0,0.0,a speech at the Democratic National Convention,LIAR,0.0,0.0,0.5106
11681.json,half-true,The states have always defined marriage.,"gays-and-lesbians,marriage",marco-rubio,U.S. Senator,Florida,republican,33.0,24.0,32.0,35.0,5.0,"an interview on NBC's ""Meet the Press""",LIAR,0.0,0.0,0.0
9153.json,mostly-true,"In order to pass the CRCT in Georgia, you simply have to get half of the answers correct.",education,alisha-thomas-morgan,,Georgia,democrat,0.0,0.0,0.0,1.0,0.0,a speech,LIAR,0.05,0.0,0.0
2562.json,mostly-true,"For the first time in history, Wisconsin has more government jobs than manufacturing jobs.","jobs,message-machine",leah-vukmir,Member of state Assembly,Wisconsin,republican,0.0,2.0,0.0,1.0,0.0,a campaign brochure distributed door-to-door,LIAR,0.0,0.0,0.0
12374.json,true,"Austin is number one in Texas in startups, venture capital and patents.","city-government,economy,small-business,technology",steve-adler,Mayor of Austin,Texas,democrat,1.0,1.0,1.0,2.0,1.0,"speaking against Proposition 1 on Austin's May 7, 2016 ballot",LIAR,0.0,0.0,0.0772
10186.json,true,Kansas has not elected somebody other than a Republican (to the U.S. Senate) since before The Wizard of Oz hit the movie theaters.,elections,jonathan-karl,ABC News chief White House correspondent,,journalist,0.0,0.0,0.0,0.0,0.0,"comments on ABC's ""This Week""",LIAR,0.0,0.0,0.0
10276.json,true,"In 2010, uninsured voters made up about 5 percent of the electorate.","congress,health-care",charles-schumer,Senator,New York,democrat,2.0,2.0,2.0,3.0,0.0,remarks at the National Press Club,LIAR,0.0,0.0,0.0
5223.json,true,Says Newt Gingrichs contract was with the lobbyists at Freddie Mac.,candidates-biography,mitt-romney,Former governor,Massachusetts,republican,34.0,32.0,58.0,33.0,19.0,a Republican debate in Tampa,LIAR,0.0,0.0,0.0
13351.json,false,Says Democratic U.S. Senate candidate Russ Feingold voted over 250 times to raise taxes.,taxes,americans-prosperity,,,none,6.0,7.0,2.0,1.0,2.0,a web ad,LIAR,0.0,0.0,0.0
4013.json,barely-true,"Under Barack Obama the last two years, the number of federal limousines for bureaucrats has increased 73 percent.","federal-budget,government-efficiency,new-hampshire-2012,transportation",michele-bachmann,Congresswoman,Minnesota,republican,8.0,22.0,6.0,4.0,16.0,CBS' Face the Nation,LIAR,0.0,0.0,0.34
9270.json,barely-true,"In states where beer is unregulated, the per capita production is significantly higher.","Alcohol,market-regulation",kelli-stargel,Senator from 15th District,Florida,republican,2.0,0.0,0.0,0.0,0.0,a newspaper editorial,LIAR,0.0,0.0,0.0
2360.json,half-true,"I can put 10,000 people to work. Electricians, plumbers, sheet metal workers -- by retrofitting all of the state buildings for energy independence or efficiency.",energy,roy-barnes,Attorney,Georgia,democrat,0.0,0.0,3.0,3.0,1.0,a campaign ad,LIAR,0.0,0.0,0.5574
8725.json,mostly-true,"In altered photo, says Barack Obama wants more of Texans private data via health care.","health-care,homeland-security,medicaid,privacy,taxes,welfare",david-dewhurst,Lieutenant governor,Texas,republican,8.0,8.0,10.0,5.0,5.0,a tweet,LIAR,0.0,0.0,0.4939
7357.json,true,Says Texas ranks first in executions among the states.,"criminal-justice,pundits",sacramento-bee-editorial-board,,,none,1.0,0.0,1.0,1.0,0.0,an editorial.,LIAR,0.0,0.0,0.0
4176.json,false,"If youre from Guatemala and you are found illegally in Mexico, you are automatically jailed.",immigration,sam-olens,,Georgia,republican,0.0,1.0,1.0,1.0,0.0,a radio news story,LIAR,0.0,0.0,-0.4939
942.json,mostly-true,"Louisiana is turning down $100 million ""that would require us to change our unemployment law, that would have actually raised taxes on Louisiana businesses.""","economy,stimulus,taxes",bobby-jindal,Governor of Louisiana,Louisiana,republican,0.0,1.0,4.0,4.0,0.0,"an interview on ""Meet the Press.""",LIAR,0.0,0.0,-0.4404
12643.json,false,Says she never received nor sent any material that was marked classified on her private email server whilesecretary of state.,"corrections-and-updates,ethics,foreign-policy,technology",hillary-clinton,Presidential candidate,New York,democrat,40.0,29.0,69.0,76.0,7.0,an interview on MSNBC,LIAR,0.15,0.0,0.0
7746.json,barely-true,"In just six years, Georgia has dropped from first in the nation from a business-friendly legal climate to 24th.","economy,legal-issues,market-regulation",chris-clark,Georgia Chamber of Commerce president,Georgia,none,1.0,0.0,0.0,0.0,0.0,a meeting,LIAR,0.0,0.0,0.128
2163.json,barely-true,"As President George W. Bushs trade representative, Portman failed to address Chinas currency manipulation, which was inflated to as much as 40 percent in 2006.",economy,lee-fisher,Former Lieutenant governor,Ohio,democrat,2.0,1.0,1.0,2.0,0.0,a news release,LIAR,0.0,0.0,-0.6705
10720.json,barely-true,Says Marco Rubio voted to deport young people known as Dreamers.,"immigration,voting-record",people-american-way,,,none,2.0,0.0,0.0,0.0,0.0,a radio ad,LIAR,0.0,0.0,0.0
1130.json,true,"The health care plan for members of Congress ""is no better than the janitor who cleans their offices.""",health-care,barack-obama,President,Illinois,democrat,70.0,71.0,160.0,163.0,9.0,a town hall meeting.,LIAR,0.0,0.0,0.2008
4556.json,true,"Legally, it doesnt make any difference which state district you live in when running for Congress.","elections,legal-issues,public-service",brian-newberry,lawyer,Rhode Island,republican,0.0,0.0,0.0,0.0,0.0,a television interview,LIAR,0.0,0.0,0.1027
11899.json,true,The African-American community lost half of their wealth as a result of the Wall Street collapse.,"diversity,financial-regulation",bernie-s,U.S. Senator,Vermont,independent,18.0,12.0,22.0,41.0,0.0,comments during the PBS Democratic debate,LIAR,0.0,0.0,-0.3182
558.json,false,"E-mail quotes Maureen Dowd column that Obama has received suspicious contributions from Saudi Arabia, Iran and China.",ethics,chain-email,,,none,11.0,43.0,8.0,5.0,105.0,a chain e-mail sent to many people.,LIAR,0.0,0.0,-0.3612
6242.json,false,Says New Jerseys tenure law has now been reformed to say that if teachers get two years of partially effective or ineffective ratings they lose tenure.,education,chris-christie,Governor of New Jersey,New Jersey,republican,10.0,17.0,27.0,19.0,8.0,a speech at the Brookings Institution,LIAR,0.0,0.0,-0.0258
9013.json,pants-fire,"Under Scott Walker, Wisconsin unemployments up from 4.8% to 6.2%","corporations,economy,job-accomplishments,jobs",mary-burke,Madison school board member,Wisconsin,democrat,5.0,5.0,11.0,8.0,3.0,a TV ad,LIAR,0.0,0.0,0.0
914.json,true,"Democrats have said that ""even one hearing (on the stimulus bill) would be one too many, and that we have a single day to approve these five complex propositions that will affect the lives of millions.""","economy,stimulus",joe-barton,U.S. Representative,Texas,republican,3.0,1.0,0.0,0.0,0.0,a statement at a committee meeting.,LIAR,0.0,0.0,0.0
3853.json,barely-true,We had (a bill) in Florida where we now are prohibiting doctors to talk -- particularly pediatricians -- to talk to their patients about gun safety in the home.,"guns,health-care",bob-graham,,Florida,democrat,1.0,0.0,1.0,1.0,0.0,"an interview on MSNBC's ""Hardball.""",LIAR,0.0,0.0,0.1027
13372.json,half-true,We are seeing kids who are healthier.,"children,public-health",hillary-clinton,Presidential candidate,New York,democrat,40.0,29.0,69.0,76.0,7.0,a get-out-the-vote rally in North Carolina,LIAR,0.0,0.0,0.0
